Years|Prices
6/11/2004|11.984
7/11/2004|12
8/11/2004|12.158
9/11/2004|12.316
10/11/2004|12.221
13/11/2004|12.221
14/11/2004|12.403
15/11/2004|12.292
16/11/2004|12.364
17/11/2004|12.395
20/11/2004|12.53
21/11/2004|12.427
22/11/2004|12.372
23/11/2004|12.206
24/11/2004|12.071
27/11/2004|12.332
28/11/2004|12.379
29/11/2004|12.356
30/11/2004|12.316
1/12/2004|12.395
4/12/2004|12.332
5/12/2004|12.063
6/12/2004|11.96
7/12/2004|11.953
8/12/2004|11.818
11/12/2004|11.858
12/12/2004|11.984
13/12/2004|11.897
14/12/2004|12.032
15/12/2004|11.968
18/12/2004|11.866
19/12/2004|11.715
20/12/2004|11.731
21/12/2004|11.723
22/12/2004|11.81
25/12/2004|11.81
26/12/2004|11.81
27/12/2004|11.731
28/12/2004|11.692
29/12/2004|11.621
1/01/2005|11.621
2/01/2005|11.747
3/01/2005|12.142
4/01/2005|12.292
5/01/2005|12.332
8/01/2005|12.395
9/01/2005|12.55
10/01/2005|12.538
11/01/2005|12.482
12/01/2005|12.585
15/01/2005|12.601
16/01/2005|12.822
17/01/2005|12.759
18/01/2005|12.743
19/01/2005|12.735
22/01/2005|12.648
23/01/2005|12.727
24/01/2005|13.083
25/01/2005|13.107
26/01/2005|13.091
29/01/2005|13.273
30/01/2005|13.281
31/01/2005|13.375
1/02/2005|13.202
2/02/2005|13.104
5/02/2005|12.957
6/02/2005|12.964
7/02/2005|12.98
8/02/2005|12.885
9/02/2005|12.759
12/02/2005|12.822
13/02/2005|12.98
14/02/2005|12.944
15/02/2005|12.98
16/02/2005|12.933
19/02/2005|12.814
20/02/2005|12.696
21/02/2005|12.696
22/02/2005|12.775
23/02/2005|12.972
26/02/2005|12.87
27/02/2005|12.909
28/02/2005|12.996
29/02/2005|13.059
1/03/2005|13.202
4/03/2005|13.067
5/03/2005|13.036
6/03/2005|12.885
7/03/2005|12.933
8/03/2005|12.822
11/03/2005|12.577
12/03/2005|12.783
13/03/2005|12.798
14/03/2005|12.727
15/03/2005|12.806
18/03/2005|12.791
19/03/2005|12.933
20/03/2005|12.806
21/03/2005|12.775
22/03/2005|12.601
25/03/2005|12.443
26/03/2005|12.324
27/03/2005|12.285
28/03/2005|12.292
29/03/2005|12.198
1/04/2005|12.387
2/04/2005|12.427
3/04/2005|12.387
4/04/2005|12.577
5/04/2005|12.577
8/04/2005|12.577
9/04/2005|12.625
10/04/2005|12.964
11/04/2005|12.949
12/04/2005|12.949
15/04/2005|13.202
16/04/2005|13.067
17/04/2005|13.012
18/04/2005|13.107
19/04/2005|13.265
22/04/2005|13.154
23/04/2005|13.265
24/04/2005|13.289
25/04/2005|13.241
26/04/2005|13.296
29/04/2005|13.107
30/04/2005|13.067
1/05/2005|13.067
2/05/2005|13.028
3/05/2005|12.798
6/05/2005|12.862
7/05/2005|12.862
8/05/2005|12.933
9/05/2005|13.028
10/05/2005|12.957
13/05/2005|13.107
14/05/2005|13.075
15/05/2005|12.909
16/05/2005|12.909
17/05/2005|13.13
20/05/2005|13.091
21/05/2005|13.138
22/05/2005|13.194
23/05/2005|13.194
24/05/2005|13.162
27/05/2005|13.162
28/05/2005|13.257
29/05/2005|13.27
30/05/2005|13.289
31/05/2005|13.281
3/06/2005|13.254
4/06/2005|13.462
5/06/2005|13.613
6/06/2005|13.613
7/06/2005|13.708
10/06/2005|13.787
11/06/2005|13.771
12/06/2005|13.842
13/06/2005|13.771
14/06/2005|13.889
17/06/2005|13.881
18/06/2005|13.866
19/06/2005|13.85
20/06/2005|13.834
21/06/2005|13.874
24/06/2005|13.953
25/06/2005|13.881
26/06/2005|13.913
27/06/2005|13.866
28/06/2005|13.953
1/07/2005|13.937
2/07/2005|13.881
3/07/2005|13.802
4/07/2005|13.913
5/07/2005|14.182
8/07/2005|14.15
9/07/2005|14.174
10/07/2005|14.095
11/07/2005|13.874
12/07/2005|13.597
15/07/2005|13.518
16/07/2005|13.336
17/07/2005|13.363
18/07/2005|13.344
19/07/2005|13.399
22/07/2005|13.344
23/07/2005|13.344
24/07/2005|13.225
25/07/2005|13.178
26/07/2005|13.273
29/07/2005|13.281
30/07/2005|13.138
31/07/2005|13.043
1/08/2005|13.059
2/08/2005|13.289
5/08/2005|13.375
6/08/2005|13.265
7/08/2005|13.241
8/08/2005|13.312
9/08/2005|13.265
12/08/2005|13.296
13/08/2005|13.217
14/08/2005|13.296
15/08/2005|13.312
16/08/2005|13.312
19/08/2005|13.375
20/08/2005|13.32
21/08/2005|13.407
22/08/2005|13.549
23/08/2005|13.597
26/08/2005|13.534
27/08/2005|13.557
28/08/2005|13.597
29/08/2005|13.581
30/08/2005|13.565
2/09/2005|13.565
3/09/2005|13.504
4/09/2005|13.7
5/09/2005|13.597
6/09/2005|13.605
9/09/2005|13.613
10/09/2005|13.739
11/09/2005|13.723
12/09/2005|13.715
13/09/2005|13.787
16/09/2005|13.771
17/09/2005|13.755
18/09/2005|13.755
19/09/2005|13.731
20/09/2005|13.818
23/09/2005|13.755
24/09/2005|13.81
25/09/2005|13.874
26/09/2005|13.85
27/09/2005|13.826
30/09/2005|13.81
1/10/2005|13.889
2/10/2005|13.913
3/10/2005|13.913
4/10/2005|13.913
7/10/2005|14
8/10/2005|13.957
9/10/2005|13.976
10/10/2005|13.866
11/10/2005|13.866
14/10/2005|13.921
15/10/2005|14.292
16/10/2005|14.261
17/10/2005|14.261
18/10/2005|14.269
21/10/2005|14.292
22/10/2005|14.221
23/10/2005|14.221
24/10/2005|14.087
25/10/2005|14.123
28/10/2005|14.198
29/10/2005|14.032
30/10/2005|14.079
31/10/2005|14.008
1/11/2005|14.103
4/11/2005|13.976
5/11/2005|14.348
6/11/2005|14.553
7/11/2005|14.561
8/11/2005|14.656
11/11/2005|14.577
12/11/2005|14.577
13/11/2005|14.64
14/11/2005|14.64
15/11/2005|14.759
18/11/2005|14.767
19/11/2005|14.791
20/11/2005|14.735
21/11/2005|14.704
22/11/2005|14.783
25/11/2005|15.067
26/11/2005|15.573
27/11/2005|15.431
28/11/2005|15.676
29/11/2005|15.763
2/12/2005|15.984
3/12/2005|16.561
4/12/2005|16.569
5/12/2005|16.87
6/12/2005|16.206
9/12/2005|16.585
10/12/2005|17.028
11/12/2005|16.474
12/12/2005|16.458
13/12/2005|15.921
16/12/2005|16.253
17/12/2005|16.111
18/12/2005|16.142
19/12/2005|16.032
20/12/2005|16.64
23/12/2005|16.68
24/12/2005|16.68
25/12/2005|16.68
26/12/2005|16.68
27/12/2005|16.632
30/12/2005|16.964
31/12/2005|16.964
1/01/2006|16.964
2/01/2006|16.648
3/01/2006|16.743
6/01/2006|16.443
7/01/2006|16.553
8/01/2006|16.648
9/01/2006|16.648
10/01/2006|17.043
13/01/2006|16.996
14/01/2006|16.98
15/01/2006|17.391
16/01/2006|17.17
17/01/2006|17.376
20/01/2006|17.415
21/01/2006|16.996
22/01/2006|17.028
23/01/2006|16.996
24/01/2006|16.411
27/01/2006|16.174
28/01/2006|16.221
29/01/2006|16.285
30/01/2006|16.64
31/01/2006|16.585
3/02/2006|16.324
4/02/2006|16.538
5/02/2006|16.87
6/02/2006|16.949
7/02/2006|16.972
10/02/2006|17.296
11/02/2006|17.755
12/02/2006|18.324
13/02/2006|18.704
14/02/2006|18.814
17/02/2006|18.514
18/02/2006|18.719
19/02/2006|18.435
20/02/2006|18.055
21/02/2006|17.929
24/02/2006|17.976
25/02/2006|18.134
26/02/2006|17.976
27/02/2006|18.008
28/02/2006|17.96
3/03/2006|17.945
4/03/2006|18.379
5/03/2006|18.514
6/03/2006|18.862
7/03/2006|19.13
10/03/2006|19.289
11/03/2006|19.747
12/03/2006|20.04
13/03/2006|20.411
14/03/2006|19.652
17/03/2006|19.557
18/03/2006|18.814
19/03/2006|18.877
20/03/2006|18.783
21/03/2006|18.751
24/03/2006|18.783
25/03/2006|19.352
26/03/2006|20.632
27/03/2006|21.344
28/03/2006|21.344
31/03/2006|21.344
1/04/2006|20.316
2/04/2006|20.016
3/04/2006|19.273
4/04/2006|20.158
7/04/2006|20.269
8/04/2006|21.202
9/04/2006|22.166
10/04/2006|22.751
11/04/2006|22.103
14/04/2006|21.818
15/04/2006|22.387
16/04/2006|22.403
17/04/2006|22.625
18/04/2006|21.858
21/04/2006|21.644
22/04/2006|21.676
23/04/2006|21.818
24/04/2006|22.055
25/04/2006|22.292
28/04/2006|21.945
29/04/2006|21.739
30/04/2006|22.419
1/05/2006|22.419
2/05/2006|23.099
5/05/2006|23.557
6/05/2006|23.953
7/05/2006|23.573
8/05/2006|23.573
9/05/2006|23.542
12/05/2006|23.004
13/05/2006|23.21
14/05/2006|23.162
15/05/2006|22.609
16/05/2006|22.577
19/05/2006|22.577
20/05/2006|21.897
21/05/2006|21.818
22/05/2006|21.787
23/05/2006|22.545
26/05/2006|23.099
27/05/2006|23.352
28/05/2006|22.482
29/05/2006|22.482
30/05/2006|22.119
2/06/2006|22.229
3/06/2006|22.213
4/06/2006|22.498
5/06/2006|22.593
6/06/2006|22.593
9/06/2006|21.597
10/06/2006|21.708
11/06/2006|21.723
12/06/2006|21.85
13/06/2006|22.64
16/06/2006|22.514
17/06/2006|22.134
18/06/2006|22.593
19/06/2006|22.53
20/06/2006|22.466
23/06/2006|22.166
24/06/2006|22.182
25/06/2006|22.277
26/06/2006|22.561
27/06/2006|22.64
30/06/2006|22.814
1/07/2006|22.435
2/07/2006|22.798
3/07/2006|23.32
4/07/2006|23.083
7/07/2006|23.194
8/07/2006|23.573
9/07/2006|23.779
10/07/2006|23.32
11/07/2006|23.494
14/07/2006|24.332
15/07/2006|24.269
16/07/2006|24.221
17/07/2006|24.332
18/07/2006|24
21/07/2006|22.941
22/07/2006|23.115
23/07/2006|23.7
24/07/2006|23.668
25/07/2006|23.636
28/07/2006|23.32
29/07/2006|22.925
30/07/2006|22.957
31/07/2006|23.684
1/08/2006|23.573
4/08/2006|23.02
5/08/2006|23.273
6/08/2006|23.225
7/08/2006|23.083
8/08/2006|22.783
11/08/2006|22.419
12/08/2006|22.814
13/08/2006|22.34
14/08/2006|21.581
15/08/2006|21.091
18/08/2006|20.474
19/08/2006|21.154
20/08/2006|21.976
21/08/2006|21.897
22/08/2006|20.949
25/08/2006|20.996
26/08/2006|20.261
27/08/2006|20.585
28/08/2006|20.664
29/08/2006|20.237
1/09/2006|20.395
2/09/2006|20.759
3/09/2006|21.075
4/09/2006|20.949
5/09/2006|20.617
8/09/2006|20.791
9/09/2006|21.059
10/09/2006|21.597
11/09/2006|21.17
12/09/2006|20.711
15/09/2006|21.059
16/09/2006|21.383
17/09/2006|21.992
18/09/2006|21.344
19/09/2006|21.565
22/09/2006|21.534
23/09/2006|21.976
24/09/2006|22.008
25/09/2006|22.925
26/09/2006|22.893
29/09/2006|23.32
30/09/2006|23.787
1/10/2006|23.668
2/10/2006|23.668
3/10/2006|23.668
6/10/2006|23.241
7/10/2006|23.115
8/10/2006|23.004
9/10/2006|23.036
10/10/2006|22.451
13/10/2006|22.909
14/10/2006|22.656
15/10/2006|22.672
16/10/2006|22.372
17/10/2006|21.866
20/10/2006|21.344
21/10/2006|21.692
22/10/2006|22.008
23/10/2006|21.344
24/10/2006|21.976
27/10/2006|20.87
28/10/2006|17.787
29/10/2006|19.921
30/10/2006|19.605
31/10/2006|19.715
3/11/2006|20.379
4/11/2006|20.49
5/11/2006|20.585
6/11/2006|20.522
7/11/2006|19.289
10/11/2006|19.209
11/11/2006|18.972
12/11/2006|18.419
13/11/2006|18.103
14/11/2006|18.846
17/11/2006|19.415
18/11/2006|19.652
19/11/2006|19.842
20/11/2006|20.411
21/11/2006|20.949
24/11/2006|20.269
25/11/2006|20.269
26/11/2006|20.474
27/11/2006|20.632
28/11/2006|20.822
1/12/2006|21.771
2/12/2006|22.008
3/12/2006|22.292
4/12/2006|22.419
5/12/2006|22.411
8/12/2006|22.814
9/12/2006|22.356
10/12/2006|21.739
11/12/2006|20.791
12/12/2006|20.933
15/12/2006|20.87
16/12/2006|20.553
17/12/2006|20.474
18/12/2006|20.474
19/12/2006|19.526
22/12/2006|19.162
23/12/2006|19.589
24/12/2006|19.589
25/12/2006|19.589
26/12/2006|19.589
29/12/2006|20.285
30/12/2006|21.265
31/12/2006|21.265
1/01/2007|21.265
2/01/2007|21.581
5/01/2007|22.134
6/01/2007|21.692
7/01/2007|22.134
8/01/2007|21.676
9/01/2007|20.711
12/01/2007|19.542
13/01/2007|20.237
14/01/2007|20.506
15/01/2007|20.538
16/01/2007|20.474
19/01/2007|21.043
20/01/2007|21.123
21/01/2007|21.502
22/01/2007|21.336
23/01/2007|20.901
26/01/2007|20.474
27/01/2007|21.391
28/01/2007|21.897
29/01/2007|22.356
30/01/2007|23.083
2/02/2007|23.668
3/02/2007|23.708
4/02/2007|23.415
5/02/2007|23.636
6/02/2007|23.083
9/02/2007|23.953
10/02/2007|23.652
11/02/2007|25.439
12/02/2007|25.328
13/02/2007|25.043
16/02/2007|25.344
17/02/2007|25.455
18/02/2007|25.605
19/02/2007|25.186
20/02/2007|25.233
23/02/2007|25.945
24/02/2007|26.245
25/02/2007|26.719
26/02/2007|27.399
27/02/2007|28.933
2/03/2007|29.565
3/03/2007|30.893
4/03/2007|29.644
5/03/2007|28.585
6/03/2007|29.534
9/03/2007|30.024
10/03/2007|29.407
11/03/2007|29.518
12/03/2007|29.217
13/03/2007|30.04
16/03/2007|29.597
17/03/2007|30.087
18/03/2007|30.04
19/03/2007|30.435
20/03/2007|32.885
23/03/2007|32.664
24/03/2007|33.518
25/03/2007|33.36
26/03/2007|32.822
27/03/2007|33.044
30/03/2007|33.249
31/03/2007|32.332
1/04/2007|32.49
2/04/2007|34.609
3/04/2007|35.067
6/04/2007|34.814
7/04/2007|34.704
8/04/2007|34.198
9/04/2007|34.308
10/04/2007|34.308
13/04/2007|34.308
14/04/2007|34.514
15/04/2007|32.806
16/04/2007|32.996
17/04/2007|32.806
20/04/2007|33.802
21/04/2007|32.269
22/04/2007|31.937
23/04/2007|31.036
24/04/2007|30.119
27/04/2007|30.435
28/04/2007|30.055
29/04/2007|30.751
30/04/2007|31.304
1/05/2007|31.304
4/05/2007|32.221
5/05/2007|32.047
6/05/2007|31.889
7/05/2007|31.779
8/05/2007|31.462
11/05/2007|31.225
12/05/2007|32.158
13/05/2007|32.253
14/05/2007|31.573
15/05/2007|31.162
18/05/2007|30.672
19/05/2007|31.431
20/05/2007|34.947
21/05/2007|34.947
22/05/2007|34.302
25/05/2007|33.885
26/05/2007|34.928
27/05/2007|34.719
28/05/2007|35.953
29/05/2007|35.82
1/06/2007|35.82
2/06/2007|35.289
3/06/2007|35.668
4/06/2007|36.256
5/06/2007|37.47
8/06/2007|38.495
9/06/2007|37.129
10/06/2007|37.875
11/06/2007|37.875
12/06/2007|36.813
15/06/2007|35.2
16/06/2007|35.2
17/06/2007|35.889
18/06/2007|35.692
19/06/2007|34.512
22/06/2007|33.745
23/06/2007|34.296
24/06/2007|34.571
25/06/2007|35.751
26/06/2007|35.594
29/06/2007|35.594
30/06/2007|35.889
1/07/2007|35.83
2/07/2007|35.79
3/07/2007|36.085
6/07/2007|36.695
7/07/2007|38.249
8/07/2007|38.524
9/07/2007|37.285
10/07/2007|38.19
13/07/2007|38.052
14/07/2007|37.934
15/07/2007|38.347
16/07/2007|38.937
17/07/2007|38.308
20/07/2007|37.482
21/07/2007|36.479
22/07/2007|35.751
23/07/2007|33.883
24/07/2007|33.804
27/07/2007|33.588
28/07/2007|34.316
29/07/2007|35.161
30/07/2007|34.611
31/07/2007|33.785
3/08/2007|32.546
4/08/2007|32.074
5/08/2007|32.329
6/08/2007|31.661
7/08/2007|31.621
10/08/2007|30.835
11/08/2007|30.088
12/08/2007|30.776
13/08/2007|29.793
14/08/2007|30.147
17/08/2007|30.776
18/08/2007|30.953
19/08/2007|31.562
20/08/2007|30.815
21/08/2007|28.711
24/08/2007|27.924
25/08/2007|27.531
26/08/2007|27.334
27/08/2007|27.531
28/08/2007|26.548
31/08/2007|25.761
1/09/2007|23.637
2/09/2007|25.466
3/09/2007|23.795
4/09/2007|24.188
7/09/2007|25.388
8/09/2007|26.941
9/09/2007|25.86
10/09/2007|24.129
11/09/2007|24.621
14/09/2007|24.286
15/09/2007|23.736
16/09/2007|23.519
17/09/2007|22.615
18/09/2007|21.12
21/09/2007|19.665
22/09/2007|20.412
23/09/2007|21.474
24/09/2007|22.025
25/09/2007|20.786
28/09/2007|22.713
29/09/2007|23.008
30/09/2007|21.14
1/10/2007|20.157
2/10/2007|20.353
5/10/2007|21.14
6/10/2007|21.396
7/10/2007|20.255
8/10/2007|17.895
9/10/2007|19.193
12/10/2007|20.412
13/10/2007|20.255
14/10/2007|19.96
15/10/2007|20.747
16/10/2007|21.435
19/10/2007|21.14
20/10/2007|22.634
21/10/2007|22.32
22/10/2007|21.494
23/10/2007|21.002
26/10/2007|21.828
27/10/2007|23.028
28/10/2007|22.025
29/10/2007|22.32
30/10/2007|22.949
2/11/2007|23.598
3/11/2007|23.244
4/11/2007|23.598
5/11/2007|23.598
6/11/2007|23.401
9/11/2007|23.126
10/11/2007|21.533
11/11/2007|21.553
12/11/2007|20.648
13/11/2007|21.258
16/11/2007|22.025
17/11/2007|21.828
18/11/2007|22.064
19/11/2007|22.123
20/11/2007|22.713
23/11/2007|23.5
24/11/2007|23.637
25/11/2007|24.129
26/11/2007|25.171
27/11/2007|26.351
30/11/2007|25.761
1/12/2007|23.598
2/12/2007|22.458
3/12/2007|21.927
4/12/2007|21.042
7/12/2007|20.845
8/12/2007|20.786
9/12/2007|20.55
10/12/2007|21.042
11/12/2007|20.55
14/12/2007|20.806
15/12/2007|20.845
16/12/2007|21.238
17/12/2007|21.592
18/12/2007|20.845
21/12/2007|23.047
22/12/2007|23.5
23/12/2007|24.09
24/12/2007|24.09
25/12/2007|24.09
28/12/2007|25.761
29/12/2007|25.211
30/12/2007|25.427
31/12/2007|25.427
1/01/2008|25.427
4/01/2008|26.538
5/01/2008|26.615
6/01/2008|28.538
7/01/2008|27.769
8/01/2008|27.923
11/01/2008|27.231
12/01/2008|26.385
13/01/2008|24.346
14/01/2008|23.577
15/01/2008|23.5
18/01/2008|23.692
19/01/2008|24.192
20/01/2008|24.077
21/01/2008|24.115
22/01/2008|23.269
25/01/2008|23.538
26/01/2008|23.25
27/01/2008|23.308
28/01/2008|23.462
29/01/2008|24
1/02/2008|24
2/02/2008|24.115
3/02/2008|23.615
4/02/2008|25.346
5/02/2008|26.231
8/02/2008|27.942
9/02/2008|27.577
10/02/2008|27.154
11/02/2008|26.865
12/02/2008|27.808
15/02/2008|28.654
16/02/2008|28.885
17/02/2008|28.096
18/02/2008|27.077
19/02/2008|26.885
22/02/2008|26.577
23/02/2008|26.731
24/02/2008|25.654
25/02/2008|25.923
26/02/2008|25.308
1/03/2008|24.423
2/03/2008|24.231
3/03/2008|23.115
4/03/2008|23.327
5/03/2008|23.577
8/03/2008|23.654
9/03/2008|24.077
10/03/2008|23.385
11/03/2008|22.885
12/03/2008|23.231
15/03/2008|23.192
16/03/2008|23.269
17/03/2008|24.231
18/03/2008|24.423
19/03/2008|25.308
22/03/2008|25
23/03/2008|24.346
24/03/2008|24.038
25/03/2008|24.846
26/03/2008|24
29/03/2008|25.115
30/03/2008|24.519
31/03/2008|23.346
1/04/2008|23.385
2/04/2008|23.385
5/04/2008|23.385
6/04/2008|23.654
7/04/2008|23.577
8/04/2008|23.962
9/04/2008|24.385
12/04/2008|24.808
13/04/2008|24.885
14/04/2008|25.154
15/04/2008|25.442
16/04/2008|25.923
19/04/2008|25.462
20/04/2008|24.385
21/04/2008|24.654
22/04/2008|25.077
23/04/2008|25.923
26/04/2008|25.923
27/04/2008|25.923
28/04/2008|25.654
29/04/2008|25.269
30/04/2008|26.077
3/05/2008|26.077
4/05/2008|26.269
5/05/2008|26.654
6/05/2008|26.308
7/05/2008|26.538
10/05/2008|25.712
11/05/2008|26.269
12/05/2008|25.692
13/05/2008|25.692
14/05/2008|25.615
17/05/2008|25.731
18/05/2008|25.923
19/05/2008|25.115
20/05/2008|24.538
21/05/2008|25.385
24/05/2008|25.385
25/05/2008|24.692
26/05/2008|24.308
27/05/2008|23.846
28/05/2008|23.615
31/05/2008|23.481
1/06/2008|23.5
2/06/2008|24.288
3/06/2008|24.288
4/06/2008|25
7/06/2008|25.231
8/06/2008|24.577
9/06/2008|25.288
10/06/2008|25.173
11/06/2008|25.346
14/06/2008|25.577
15/06/2008|25.385
16/06/2008|25.077
17/06/2008|25.077
18/06/2008|25.385
21/06/2008|26.327
22/06/2008|27.019
23/06/2008|26.269
24/06/2008|25.519
25/06/2008|25.846
28/06/2008|26.115
29/06/2008|26.077
30/06/2008|25.654
1/07/2008|26.423
2/07/2008|26.5
5/07/2008|26.808
6/07/2008|26.692
7/07/2008|27.115
8/07/2008|27.538
9/07/2008|28.077
12/07/2008|28.538
13/07/2008|27.462
14/07/2008|27.769
15/07/2008|27.885
16/07/2008|27.75
19/07/2008|28.346
20/07/2008|28.154
21/07/2008|28.115
22/07/2008|26.962
23/07/2008|26.192
26/07/2008|25.692
27/07/2008|26.308
28/07/2008|26.462
29/07/2008|26.962
30/07/2008|28.462
2/08/2008|27.769
3/08/2008|27.577
4/08/2008|28.442
5/08/2008|27.308
6/08/2008|26.577
9/08/2008|27.077
10/08/2008|26.346
11/08/2008|27.096
12/08/2008|28.038
13/08/2008|28.288
16/08/2008|28.115
17/08/2008|27.962
18/08/2008|28.096
19/08/2008|28.308
20/08/2008|28.654
23/08/2008|28.47
24/08/2008|28.1
25/08/2008|28.15
26/08/2008|28.75
27/08/2008|29.85
30/08/2008|29.95
31/08/2008|30.05
1/09/2008|29.52
2/09/2008|28.4
3/09/2008|29.75
6/09/2008|30
7/09/2008|30.55
8/09/2008|31.6
9/09/2008|31.1
10/09/2008|30.95
13/09/2008|31.3
14/09/2008|30.5
15/09/2008|31.2
16/09/2008|29.9
17/09/2008|29
20/09/2008|28.8
21/09/2008|28.35
22/09/2008|28.55
23/09/2008|28.6
24/09/2008|27.8
27/09/2008|28.1
28/09/2008|27
29/09/2008|26.8
30/09/2008|26.6
1/10/2008|26.75
4/10/2008|28.25
5/10/2008|29.05
6/10/2008|28.7
7/10/2008|29.2
8/10/2008|28.95
11/10/2008|28.8
12/10/2008|28.4
13/10/2008|28.1
14/10/2008|27.45
15/10/2008|27.1
18/10/2008|27.35
19/10/2008|28.25
20/10/2008|28.85
21/10/2008|28.3
22/10/2008|28.7
25/10/2008|29.05
26/10/2008|29.8
27/10/2008|29.5
28/10/2008|30.55
29/10/2008|30.3
1/11/2008|31.15
2/11/2008|29.85
3/11/2008|28.75
4/11/2008|28.8
5/11/2008|28.05
8/11/2008|28.35
9/11/2008|28.75
10/11/2008|28.8
11/11/2008|28.05
12/11/2008|26.8
15/11/2008|25.8
16/11/2008|26.35
17/11/2008|26.5
18/11/2008|26.88
19/11/2008|27
22/11/2008|26.4
23/11/2008|26
24/11/2008|26.35
25/11/2008|26.28
26/11/2008|26.1
29/11/2008|26
30/11/2008|26.5
1/12/2008|27.1
2/12/2008|27.2
3/12/2008|28
6/12/2008|28.6
7/12/2008|28
8/12/2008|26.9
9/12/2008|27.75
10/12/2008|27.8
13/12/2008|26.65
14/12/2008|27.15
15/12/2008|27.45
16/12/2008|30.7
17/12/2008|29.65
20/12/2008|29.3
21/12/2008|29.35
22/12/2008|29
23/12/2008|29.9
24/12/2008|29.9
27/12/2008|29.5
28/12/2008|30.5
29/12/2008|30.1
30/12/2008|30.3
31/12/2008|30.3
3/01/2009|29.1
4/01/2009|28.2
5/01/2009|27.7
6/01/2009|28.2
7/01/2009|27.7
10/01/2009|28.7
11/01/2009|28.58
12/01/2009|28.33
13/01/2009|27.25
14/01/2009|26.75
17/01/2009|27.15
18/01/2009|26.9
19/01/2009|27.3
20/01/2009|26.4
21/01/2009|25.65
24/01/2009|25
25/01/2009|23.3
26/01/2009|24.4
27/01/2009|24.6
28/01/2009|24.8
31/01/2009|23.7
1/02/2009|24.35
2/02/2009|24.25
3/02/2009|25.7
4/02/2009|25.65
7/02/2009|25.3
8/02/2009|24.9
9/02/2009|24.9
10/02/2009|25.95
11/02/2009|25.25
14/02/2009|25.15
15/02/2009|24.75
16/02/2009|25.3
17/02/2009|24.95
18/02/2009|26.4
21/02/2009|27.7
22/02/2009|27.9
23/02/2009|26.95
24/02/2009|26.95
25/02/2009|27.25
28/02/2009|26.15
29/02/2009|26.6
1/03/2009|26.8
2/03/2009|27
3/03/2009|25.85
6/03/2009|25.7
7/03/2009|25.2
8/03/2009|25.8
9/03/2009|25.5
10/03/2009|26.5
13/03/2009|26.8
14/03/2009|27.5
15/03/2009|30.31
16/03/2009|31.7
17/03/2009|30.4
20/03/2009|30.4
21/03/2009|32.95
22/03/2009|34.1
23/03/2009|33.25
24/03/2009|33.2
27/03/2009|32.7
28/03/2009|32.6
29/03/2009|34.7
30/03/2009|34.55
31/03/2009|32.95
3/04/2009|32.3
4/04/2009|33.2
5/04/2009|32.9
6/04/2009|32.4
7/04/2009|31.05
10/04/2009|32.8
11/04/2009|32.4
12/04/2009|32.7
13/04/2009|31.78
14/04/2009|31.2
17/04/2009|30.3
18/04/2009|30.1
19/04/2009|29.95
20/04/2009|29.8
21/04/2009|29.8
24/04/2009|29.8
25/04/2009|30.9
26/04/2009|30.1
27/04/2009|30.25
28/04/2009|29.25
1/05/2009|29.25
2/05/2009|30.25
3/05/2009|30.7
4/05/2009|31.75
5/05/2009|32.1
8/05/2009|32.8
9/05/2009|33.8
10/05/2009|33.4
11/05/2009|33.8
12/05/2009|32.6
15/05/2009|32.8
16/05/2009|33.4
17/05/2009|31.8
18/05/2009|30.6
19/05/2009|30.55
22/05/2009|30.15
23/05/2009|30.7
24/05/2009|32.05
25/05/2009|32.55
26/05/2009|31.8
29/05/2009|32.6
30/05/2009|32.4
31/05/2009|32.3
1/06/2009|33
2/06/2009|33.8
5/06/2009|33.35
6/06/2009|33
7/06/2009|31.95
8/06/2009|32
9/06/2009|32.6
12/06/2009|33.2
13/06/2009|33.9
14/06/2009|34.2
15/06/2009|34.5
16/06/2009|33.65
19/06/2009|33.1
20/06/2009|33
21/06/2009|32.9
22/06/2009|32.5
23/06/2009|31.7
26/06/2009|31.7
27/06/2009|31
28/06/2009|31.25
29/06/2009|32.75
30/06/2009|31.6
3/07/2009|32
4/07/2009|33.25
5/07/2009|33.75
6/07/2009|36.3
7/07/2009|35.6
10/07/2009|35.2
11/07/2009|36
12/07/2009|37.6
13/07/2009|37.55
14/07/2009|36.3
17/07/2009|35.45
18/07/2009|36.5
19/07/2009|36
20/07/2009|37.4
21/07/2009|37.15
24/07/2009|37.2
25/07/2009|36.63
26/07/2009|36.9
27/07/2009|36.65
28/07/2009|36.3
31/07/2009|37
1/08/2009|36.1
2/08/2009|35.7
3/08/2009|36.3
4/08/2009|36.35
7/08/2009|36.7
8/08/2009|36.4
9/08/2009|37.5
10/08/2009|37.8
11/08/2009|37.9
14/08/2009|36.6
15/08/2009|36.2
16/08/2009|37.7
17/08/2009|37.2
18/08/2009|36.25
21/08/2009|36.5
22/08/2009|36.8
23/08/2009|36.3
24/08/2009|37.2
25/08/2009|37.3
28/08/2009|37.95
29/08/2009|38
30/08/2009|36.5
31/08/2009|36.45
1/09/2009|36.05
4/09/2009|36.7
5/09/2009|36.8
6/09/2009|36.8
7/09/2009|37.65
8/09/2009|37.8
11/09/2009|37.8
12/09/2009|38
13/09/2009|37.2
14/09/2009|37.3
15/09/2009|37.6
18/09/2009|37
19/09/2009|37.15
20/09/2009|36.4
21/09/2009|37.35
22/09/2009|37.5
25/09/2009|37
26/09/2009|37.2
27/09/2009|36.85
28/09/2009|37.75
29/09/2009|38.7
2/10/2009|39.55
3/10/2009|39.55
4/10/2009|40.85
5/10/2009|41
6/10/2009|39
9/10/2009|39.5
10/10/2009|39.4
11/10/2009|38.9
12/10/2009|37.8
13/10/2009|37.7
16/10/2009|37.7
17/10/2009|37.25
18/10/2009|36.4
19/10/2009|37
20/10/2009|36.8
23/10/2009|37.3
24/10/2009|37.1
25/10/2009|37
26/10/2009|37.4
27/10/2009|38.5
30/10/2009|38.4
31/10/2009|39
1/11/2009|39.7
2/11/2009|38.5
3/11/2009|39.5
6/11/2009|40.2
7/11/2009|39.6
8/11/2009|38.5
9/11/2009|38.9
10/11/2009|38.7
13/11/2009|37.9
14/11/2009|39.3
15/11/2009|40
16/11/2009|39.1
17/11/2009|38.1
20/11/2009|37.3
21/11/2009|36.5
22/11/2009|35
23/11/2009|35.6
24/11/2009|35.1
27/11/2009|35.6
28/11/2009|36.6
29/11/2009|36.49
30/11/2009|34.5
1/12/2009|34
4/12/2009|32.9
5/12/2009|33.8
6/12/2009|34.8
7/12/2009|34
8/12/2009|35
11/12/2009|35.55
12/12/2009|35.6
13/12/2009|34.8
14/12/2009|34.75
15/12/2009|33.75
18/12/2009|33.7
19/12/2009|36
20/12/2009|35.3
21/12/2009|34
22/12/2009|33
25/12/2009|33
26/12/2009|33
27/12/2009|35
28/12/2009|34.4
29/12/2009|34.8
1/01/2010|34.8
2/01/2010|34.5
3/01/2010|35.5
4/01/2010|35.4
5/01/2010|37
8/01/2010|37
9/01/2010|36.5
10/01/2010|35.9
11/01/2010|35.02
12/01/2010|35.5
15/01/2010|35.4
16/01/2010|34.8
17/01/2010|35.7
18/01/2010|36.5
19/01/2010|36.85
22/01/2010|38.25
23/01/2010|38.4
24/01/2010|38.7
25/01/2010|38.2
26/01/2010|38
29/01/2010|37.8
30/01/2010|37.45
31/01/2010|37.8
1/02/2010|38.65
2/02/2010|37.9
5/02/2010|37.4
6/02/2010|39
7/02/2010|38.5
8/02/2010|38.5
9/02/2010|38.7
12/02/2010|39.05
13/02/2010|38.85
14/02/2010|39
15/02/2010|39.4
16/02/2010|38.8
19/02/2010|39.6
20/02/2010|39.7
21/02/2010|39.9
22/02/2010|39.4
23/02/2010|38.9
26/02/2010|38
27/02/2010|38
28/02/2010|37.9
1/03/2010|38.2
2/03/2010|38.6
5/03/2010|38.2
6/03/2010|37.6
7/03/2010|37.5
8/03/2010|39
9/03/2010|38.8
12/03/2010|38.9
13/03/2010|38
14/03/2010|35.5
15/03/2010|35.1
16/03/2010|35.25
19/03/2010|35.05
20/03/2010|34.6
21/03/2010|34.1
22/03/2010|31.5
23/03/2010|33
26/03/2010|33.65
27/03/2010|35
28/03/2010|35
29/03/2010|35.6
30/03/2010|35
2/04/2010|34.5
3/04/2010|33.5
4/04/2010|34.2
5/04/2010|34.7
6/04/2010|35
9/04/2010|35.1
10/04/2010|35.2
11/04/2010|35.7
12/04/2010|36.35
13/04/2010|36.35
16/04/2010|36.35
17/04/2010|36.5
18/04/2010|37.1
19/04/2010|37.85
20/04/2010|37
23/04/2010|37.1
24/04/2010|37.5
25/04/2010|37.7
26/04/2010|37.7
27/04/2010|37
30/04/2010|37.6
1/05/2010|37.6
2/05/2010|39.2
3/05/2010|39.3
4/05/2010|39
7/05/2010|38.9
8/05/2010|38.8
9/05/2010|39.5
10/05/2010|41.3
11/05/2010|40.65
14/05/2010|40.3
15/05/2010|40.4
16/05/2010|40.2
17/05/2010|40
18/05/2010|41.65
21/05/2010|40.8
22/05/2010|40.17
23/05/2010|40.1
24/05/2010|40.4
25/05/2010|40.2
28/05/2010|39.7
29/05/2010|39.1
30/05/2010|39.1
31/05/2010|39.5
1/06/2010|39.7
4/06/2010|40
5/06/2010|40.3
6/06/2010|39.7
7/06/2010|41
8/06/2010|40.5
11/06/2010|39.95
12/06/2010|39.7
13/06/2010|39.7
14/06/2010|38.75
15/06/2010|38
18/06/2010|37.8
19/06/2010|38.3
20/06/2010|38.2
21/06/2010|38
22/06/2010|38.4
25/06/2010|38.2
26/06/2010|37.8
27/06/2010|38.85
28/06/2010|38.7
29/06/2010|38.9
2/07/2010|39.6
3/07/2010|39.7
4/07/2010|40.15
5/07/2010|40.2
6/07/2010|39.6
9/07/2010|39.85
10/07/2010|39.85
11/07/2010|40
12/07/2010|39.85
13/07/2010|40
16/07/2010|39.7
17/07/2010|39.4
18/07/2010|38.75
19/07/2010|38.75
20/07/2010|39
23/07/2010|39
24/07/2010|39.2
25/07/2010|39.3
26/07/2010|39.7
27/07/2010|40
30/07/2010|39.9
31/07/2010|40.2
1/08/2010|40.5
2/08/2010|40.65
3/08/2010|39.75
6/08/2010|40.7
7/08/2010|40
8/08/2010|38.95
9/08/2010|38.5
10/08/2010|38.32
13/08/2010|38.7
14/08/2010|38.9
15/08/2010|38.1
16/08/2010|36.15
17/08/2010|35
20/08/2010|34.9
21/08/2010|35.05
22/08/2010|35.6
23/08/2010|35.9
24/08/2010|36.6
27/08/2010|36.1
28/08/2010|35.45
29/08/2010|35.3
30/08/2010|35.4
31/08/2010|35.1
3/09/2010|35.3
4/09/2010|37.25
5/09/2010|37.2
6/09/2010|37.2
7/09/2010|36.5
10/09/2010|35.25
11/09/2010|32.8
12/09/2010|31.69
13/09/2010|31
14/09/2010|28
17/09/2010|28.4
18/09/2010|27.7
19/09/2010|26.75
20/09/2010|24.01
21/09/2010|25.2
24/09/2010|28.15
25/09/2010|26.6
26/09/2010|26.3
27/09/2010|26.6
28/09/2010|27.95
1/10/2010|28.25
2/10/2010|29.3
3/10/2010|29.8
4/10/2010|31.3
5/10/2010|31.4
8/10/2010|32
9/10/2010|32
10/10/2010|32.2
11/10/2010|33.55
12/10/2010|32.9
15/10/2010|32.75
16/10/2010|33
17/10/2010|33.55
18/10/2010|33.2
19/10/2010|32.8
22/10/2010|34.2
23/10/2010|34.7
24/10/2010|35
25/10/2010|34.2
26/10/2010|34.6
29/10/2010|33.7
30/10/2010|32.6
31/10/2010|33
1/11/2010|34.2
2/11/2010|34.2
5/11/2010|35.4
6/11/2010|34.75
7/11/2010|36.85
8/11/2010|37
9/11/2010|37.5
12/11/2010|36.5
13/11/2010|38.25
14/11/2010|37.9
15/11/2010|37.9
16/11/2010|38.2
19/11/2010|39.2
20/11/2010|38.55
21/11/2010|38.8
22/11/2010|38.4
23/11/2010|38.8
26/11/2010|38.5
27/11/2010|37.5
28/11/2010|37.55
29/11/2010|36.7
30/11/2010|37
3/12/2010|36.6
4/12/2010|37.3
5/12/2010|38.8
6/12/2010|39.25
7/12/2010|38.25
10/12/2010|38
11/12/2010|38.5
12/12/2010|37.5
13/12/2010|37.2
14/12/2010|37
17/12/2010|38.5
18/12/2010|38.4
19/12/2010|38
20/12/2010|38.1
21/12/2010|39.4
24/12/2010|39.4
25/12/2010|39.4
26/12/2010|39.4
27/12/2010|39.4
28/12/2010|39.55
31/12/2010|39.55
1/01/2011|39.55
2/01/2011|39.6
3/01/2011|40.65
4/01/2011|40.95
7/01/2011|40.1
8/01/2011|40.6
9/01/2011|40.4
10/01/2011|40
11/01/2011|39.7
14/01/2011|38.6
15/01/2011|38.2
16/01/2011|37.4
17/01/2011|38.1
18/01/2011|37.9
21/01/2011|37.7
22/01/2011|37.7
23/01/2011|38
24/01/2011|38
25/01/2011|38.5
28/01/2011|40
29/01/2011|41.1
30/01/2011|41.4
31/01/2011|42.4
1/02/2011|42.3
4/02/2011|41.8
5/02/2011|41.35
6/02/2011|40.4
7/02/2011|40
8/02/2011|40.85
11/02/2011|40.65
12/02/2011|40.75
13/02/2011|41.5
14/02/2011|42
15/02/2011|41.3
18/02/2011|41.3
19/02/2011|41.3
20/02/2011|40.79
21/02/2011|41.45
22/02/2011|40.5
25/02/2011|41.2
26/02/2011|41.5
27/02/2011|42.1
28/02/2011|42.55
1/03/2011|43.7
4/03/2011|44.6
5/03/2011|45
6/03/2011|43.9
7/03/2011|44.2
8/03/2011|44.6
11/03/2011|44.55
12/03/2011|44
13/03/2011|44.5
14/03/2011|44.1
15/03/2011|45.6
18/03/2011|45.9
19/03/2011|46.7
20/03/2011|46.2
21/03/2011|47.4
22/03/2011|47
25/03/2011|45.5
26/03/2011|45.1
27/03/2011|45.25
28/03/2011|45.7
29/03/2011|45.7
1/04/2011|45.7
2/04/2011|45.5
3/04/2011|44.85
4/04/2011|44.3
5/04/2011|44.6
8/04/2011|44.55
9/04/2011|44.8
10/04/2011|45
11/04/2011|44
12/04/2011|44.2
15/04/2011|44.5
16/04/2011|45.85
17/04/2011|45.45
18/04/2011|45.4
19/04/2011|45.85
22/04/2011|45.22
23/04/2011|45.3
24/04/2011|44.95
25/04/2011|44
26/04/2011|44
29/04/2011|43.3
30/04/2011|44.3
1/05/2011|44.3
2/05/2011|45
3/05/2011|44.2
6/05/2011|44.55
7/05/2011|44.7
8/05/2011|45.8
9/05/2011|46
10/05/2011|47
13/05/2011|46.9
14/05/2011|47
15/05/2011|46.2
16/05/2011|46.7
17/05/2011|47.5
20/05/2011|47
21/05/2011|47.25
22/05/2011|47.2
23/05/2011|46.4
24/05/2011|46.25
27/05/2011|46.4
28/05/2011|46.15
29/05/2011|45.8
30/05/2011|44.9
31/05/2011|45.8
3/06/2011|44.7
4/06/2011|43.7
5/06/2011|44.25
6/06/2011|44.5
7/06/2011|44.34
10/06/2011|44.4
11/06/2011|45
12/06/2011|44.2
13/06/2011|42.27
14/06/2011|40.1
17/06/2011|42.1
18/06/2011|42.05
19/06/2011|41.7
20/06/2011|40.05
21/06/2011|38.8
24/06/2011|37.75
25/06/2011|40.3
26/06/2011|40.75
27/06/2011|40.5
28/06/2011|41.75
1/07/2011|41.1
2/07/2011|39.75
3/07/2011|39.4
4/07/2011|40.2
5/07/2011|42.1
8/07/2011|42.3
9/07/2011|43
10/07/2011|41.5
11/07/2011|41
12/07/2011|41.6
15/07/2011|39
16/07/2011|38.8
17/07/2011|39.3
18/07/2011|40
19/07/2011|38.3
22/07/2011|35.7
23/07/2011|35.95
24/07/2011|36.3
25/07/2011|36.8
26/07/2011|36.85
29/07/2011|39.95
30/07/2011|40
31/07/2011|38.4
1/08/2011|37.5
2/08/2011|38.5
5/08/2011|37.3
6/08/2011|39
7/08/2011|39.5
8/08/2011|38.41
9/08/2011|38.25
12/08/2011|38.5
13/08/2011|39.25
14/08/2011|39
15/08/2011|40
16/08/2011|39.4
19/08/2011|40.45
20/08/2011|39.4
21/08/2011|39.5
22/08/2011|39.7
23/08/2011|38.9
26/08/2011|38.75
27/08/2011|39.6
28/08/2011|38.5
29/08/2011|38.2
30/08/2011|38.4
2/09/2011|37.41
3/09/2011|36.1
4/09/2011|35.25
5/09/2011|35.1
6/09/2011|36.1
9/09/2011|36
10/09/2011|36.8
11/09/2011|37.7
12/09/2011|35.88
13/09/2011|35.1
16/09/2011|35.6
17/09/2011|35.25
18/09/2011|34
19/09/2011|33
20/09/2011|34.2
23/09/2011|33.95
24/09/2011|32
25/09/2011|32.29
26/09/2011|34.1
27/09/2011|34.5
30/09/2011|32.45
1/10/2011|33.3
2/10/2011|34.7
3/10/2011|33.68
4/10/2011|32.3
7/10/2011|32.5
8/10/2011|30.99
9/10/2011|29.3
10/10/2011|30.8
11/10/2011|33.4
14/10/2011|33.1
15/10/2011|34.85
16/10/2011|35.4
17/10/2011|37
18/10/2011|36.9
21/10/2011|37.3
22/10/2011|36.9
23/10/2011|36.2
24/10/2011|36.75
25/10/2011|36.4
28/10/2011|37.1
29/10/2011|35
30/10/2011|34.7
31/10/2011|36
1/11/2011|36.15
4/11/2011|37
5/11/2011|36.95
6/11/2011|34.38
7/11/2011|32.88
8/11/2011|32.3
11/11/2011|32.4
12/11/2011|33.35
13/11/2011|33.17
14/11/2011|33.8
15/11/2011|33.25
18/11/2011|33.3
19/11/2011|33.1
20/11/2011|32.5
21/11/2011|33.6
22/11/2011|33
25/11/2011|32.6
26/11/2011|32.35
27/11/2011|33.7
28/11/2011|34.2
29/11/2011|34.2
2/12/2011|34.35
3/12/2011|33.7
4/12/2011|34.7
5/12/2011|33.6
6/12/2011|33.2
9/12/2011|32.3
10/12/2011|33.2
11/12/2011|32.9
12/12/2011|31.6
13/12/2011|31.15
16/12/2011|31.2
17/12/2011|31
18/12/2011|29.95
19/12/2011|29.45
20/12/2011|29.4
23/12/2011|29.25
24/12/2011|29.25
25/12/2011|29.25
26/12/2011|29.25
27/12/2011|28
30/12/2011|28.95
31/12/2011|28.95
1/01/2012|28.95
2/01/2012|29.8
3/01/2012|30.1
6/01/2012|30.5
7/01/2012|30.1
8/01/2012|28.8
9/01/2012|28.6
10/01/2012|29
13/01/2012|29.95
14/01/2012|29.31
15/01/2012|28.42
16/01/2012|28.75
17/01/2012|28.12
20/01/2012|28.28
21/01/2012|28.4
22/01/2012|27.6
23/01/2012|27
24/01/2012|26.3
27/01/2012|26.4
28/01/2012|26.1
29/01/2012|27.45
30/01/2012|26.6
31/01/2012|27
3/02/2012|27.7
4/02/2012|27.1
5/02/2012|27.55
6/02/2012|26.9
7/02/2012|25.9
10/02/2012|25.6
11/02/2012|25.9
12/02/2012|25.6
13/02/2012|24.6
14/02/2012|25.6
17/02/2012|26.2
18/02/2012|25.8
19/02/2012|25.25
20/02/2012|24.7
21/02/2012|25.6
24/02/2012|25.25
25/02/2012|24.75
26/02/2012|23.89
27/02/2012|24.95
28/02/2012|25.95
3/03/2012|26.3
4/03/2012|24.49
5/03/2012|24.2
6/03/2012|23.25
7/03/2012|23.1
10/03/2012|22.31
11/03/2012|21.2
12/03/2012|21
13/03/2012|22.69
14/03/2012|23.41
17/03/2012|24
18/03/2012|24.7
19/03/2012|26.35
20/03/2012|26.7
21/03/2012|27.4
24/03/2012|25.95
25/03/2012|26.5
26/03/2012|26.95
27/03/2012|26.15
28/03/2012|26.25
31/03/2012|25.4
1/04/2012|25.8
2/04/2012|27.65
3/04/2012|27.7
4/04/2012|28.2
7/04/2012|30.1
8/04/2012|29.15
9/04/2012|28.9
10/04/2012|28.6
11/04/2012|29
14/04/2012|29.7
15/04/2012|30.16
16/04/2012|30.14
17/04/2012|30.15
18/04/2012|30.15
21/04/2012|30.15
22/04/2012|30.3
23/04/2012|30.9
24/04/2012|29.49
25/04/2012|29.2
28/04/2012|30.05
29/04/2012|30
30/04/2012|29.9
1/05/2012|29.9
2/05/2012|29.65
5/05/2012|29.15
6/05/2012|29.09
7/05/2012|28.1
8/05/2012|28.55
9/05/2012|29.59
12/05/2012|29.7
13/05/2012|29.35
14/05/2012|29.2
15/05/2012|29.09
16/05/2012|28.86
19/05/2012|27.05
20/05/2012|26.4
21/05/2012|26.55
22/05/2012|27.2
23/05/2012|27.09
26/05/2012|27.1
27/05/2012|27
28/05/2012|27.2
29/05/2012|27.9
30/05/2012|29
2/06/2012|29.35
3/06/2012|29.29
4/06/2012|29.7
5/06/2012|29.65
6/06/2012|31.01
9/06/2012|30.2
10/06/2012|30.75
11/06/2012|31.4
12/06/2012|31.5
13/06/2012|31.4
16/06/2012|32.05
17/06/2012|32.8
18/06/2012|33.2
19/06/2012|32.09
20/06/2012|32.6
23/06/2012|31.8
24/06/2012|32.5
25/06/2012|32.5
26/06/2012|33.45
27/06/2012|33.6
30/06/2012|33.45
1/07/2012|32.56
2/07/2012|33.65
3/07/2012|33.75
4/07/2012|34.56
7/07/2012|35.25
8/07/2012|35.2
9/07/2012|34.4
10/07/2012|33.65
11/07/2012|34.4
14/07/2012|34.7
15/07/2012|34.51
16/07/2012|34.3
17/07/2012|33.65
18/07/2012|33.8
21/07/2012|33.11
22/07/2012|33.35
23/07/2012|33.4
24/07/2012|33.7
25/07/2012|34
28/07/2012|33.9
29/07/2012|33.29
30/07/2012|33.66
31/07/2012|34.5
1/08/2012|34.25
4/08/2012|33.75
5/08/2012|33.94
6/08/2012|33.89
7/08/2012|33.45
8/08/2012|33.25
11/08/2012|33.3
12/08/2012|33.75
13/08/2012|34.4
14/08/2012|34.8
15/08/2012|34.7
18/08/2012|35.23
19/08/2012|36.1
20/08/2012|36.1
21/08/2012|37.3
22/08/2012|37.1
25/08/2012|36.9
26/08/2012|36.25
27/08/2012|36
28/08/2012|36.15
29/08/2012|36
1/09/2012|36.59
2/09/2012|37.17
3/09/2012|38.4
4/09/2012|38.2
5/09/2012|37.2
8/09/2012|37.19
9/09/2012|36.5
10/09/2012|35.45
11/09/2012|36.35
12/09/2012|34.17
15/09/2012|35.55
16/09/2012|35.75
17/09/2012|36
18/09/2012|36.38
19/09/2012|36.25
22/09/2012|34.65
23/09/2012|34.1
24/09/2012|32.25
25/09/2012|32.99
26/09/2012|33.25
29/09/2012|33.25
30/09/2012|32.45
1/10/2012|33.8
2/10/2012|32.9
3/10/2012|34.65
6/10/2012|34.4
7/10/2012|34.1
8/10/2012|34.28
9/10/2012|35.2
10/10/2012|34.7
13/10/2012|35.2
14/10/2012|34.95
15/10/2012|34.4
16/10/2012|35.65
17/10/2012|35.09
20/10/2012|34.7
21/10/2012|34.28
22/10/2012|34.05
23/10/2012|33.79
24/10/2012|33.33
27/10/2012|33.55
28/10/2012|33.89
29/10/2012|33.8
30/10/2012|34
31/10/2012|34.5
3/11/2012|35.6
4/11/2012|36.08
5/11/2012|35.3
6/11/2012|36.2
7/11/2012|37.3
10/11/2012|37.08
11/11/2012|37.3
12/11/2012|37.85
13/11/2012|37.4
14/11/2012|37.65
17/11/2012|36.35
18/11/2012|36
19/11/2012|36.3
20/11/2012|36.1
21/11/2012|36
24/11/2012|37
25/11/2012|37.55
26/11/2012|37.1
27/11/2012|37.55
28/11/2012|36.7
1/12/2012|37.17
2/12/2012|36.55
3/12/2012|36.5
4/12/2012|36.6
5/12/2012|36.4
8/12/2012|36
9/12/2012|35.75
10/12/2012|36
11/12/2012|36.95
12/12/2012|37.2
15/12/2012|37.1
16/12/2012|36.85
17/12/2012|36.24
18/12/2012|36.8
19/12/2012|37
22/12/2012|37
23/12/2012|36.95
24/12/2012|36.95
25/12/2012|36.95
26/12/2012|36.95
29/12/2012|37.05
30/12/2012|36.95
31/12/2012|36.95
1/01/2013|36.95
2/01/2013|37.3
5/01/2013|37.75
6/01/2013|36.25
7/01/2013|35.9
8/01/2013|35.45
9/01/2013|35.05
12/01/2013|34.9
13/01/2013|35.55
14/01/2013|36.2
15/01/2013|36.4
16/01/2013|36.94
19/01/2013|36.58
20/01/2013|36
21/01/2013|36.02
22/01/2013|35.65
23/01/2013|35.35
26/01/2013|35.45
27/01/2013|35.7
28/01/2013|35.9
29/01/2013|36.2
30/01/2013|35.6
2/02/2013|35.8
3/02/2013|34.8
4/02/2013|34.12
5/02/2013|33.75
6/02/2013|33.95
9/02/2013|33.8
10/02/2013|33.65
11/02/2013|34.15
12/02/2013|34.1
13/02/2013|33.75
16/02/2013|33.75
17/02/2013|33.9
18/02/2013|33.9
19/02/2013|34.25
20/02/2013|33.7
23/02/2013|33.75
24/02/2013|33.25
25/02/2013|33.38
26/02/2013|33.95
27/02/2013|34.6
1/03/2013|34.6
2/03/2013|35.62
3/03/2013|35.75
4/03/2013|35.8
5/03/2013|35.7
8/03/2013|35.95
9/03/2013|35.45
10/03/2013|34.6
11/03/2013|33.85
12/03/2013|34.17
15/03/2013|33.52
16/03/2013|33.45
17/03/2013|34.7
18/03/2013|34.2
19/03/2013|33.9
22/03/2013|33
23/03/2013|32.8
24/03/2013|32.95
25/03/2013|33.15
26/03/2013|33
29/03/2013|33.52
30/03/2013|33.6
31/03/2013|33.3
1/04/2013|33.9
2/04/2013|34.65
5/04/2013|34.95
6/04/2013|34.8
7/04/2013|34.05
8/04/2013|34.57
9/04/2013|34.57
12/04/2013|34.57
13/04/2013|35.1
14/04/2013|34.75
15/04/2013|35.05
16/04/2013|35.2
19/04/2013|35.38
20/04/2013|35.75
21/04/2013|36.1
22/04/2013|36.97
23/04/2013|37.3
26/04/2013|36.8
27/04/2013|36.95
28/04/2013|36.5
29/04/2013|35.8
30/04/2013|35.85
3/05/2013|36.55
4/05/2013|36.22
5/05/2013|36.35
6/05/2013|34.9
7/05/2013|35.04
10/05/2013|34.41
11/05/2013|34.51
12/05/2013|34.65
13/05/2013|34.72
14/05/2013|34.5
17/05/2013|33.95
18/05/2013|34.49
19/05/2013|35.15
20/05/2013|34.4
21/05/2013|34.2
24/05/2013|34.5
25/05/2013|34.4
26/05/2013|34.75
27/05/2013|34.85
28/05/2013|34.7
31/05/2013|34.95
1/06/2013|34.65
2/06/2013|34.8
3/06/2013|34.45
4/06/2013|34.6
7/06/2013|35.15
8/06/2013|35.05
9/06/2013|35.28
10/06/2013|35.6
11/06/2013|35.59
14/06/2013|34.95
15/06/2013|35.2
16/06/2013|35.25
17/06/2013|35.35
18/06/2013|35.25
21/06/2013|35.2
22/06/2013|34.8
23/06/2013|35.15
24/06/2013|35.7
25/06/2013|35.4
28/06/2013|36.3
29/06/2013|36.35
30/06/2013|36.35
1/07/2013|36.15
2/07/2013|35.7
5/07/2013|35.83
6/07/2013|35.3
7/07/2013|35.65
8/07/2013|35.9
9/07/2013|35.7
12/07/2013|35.45
13/07/2013|35.9
14/07/2013|35.6
15/07/2013|35.65
16/07/2013|35.45
19/07/2013|35.25
20/07/2013|35.3
21/07/2013|35.6
22/07/2013|35.35
23/07/2013|35.55
26/07/2013|35.15
27/07/2013|35.8
28/07/2013|36.65
29/07/2013|37.2
30/07/2013|36.9
2/08/2013|36.9
3/08/2013|36.9
4/08/2013|35.65
5/08/2013|35.01
6/08/2013|33.9
9/08/2013|33.6
10/08/2013|33.92
11/08/2013|33.6
12/08/2013|33.2
13/08/2013|33.15
16/08/2013|33.7
17/08/2013|33.7
18/08/2013|33.61
19/08/2013|33.5
20/08/2013|33.4
23/08/2013|33.9
24/08/2013|34.35
25/08/2013|34.4
26/08/2013|34.55
27/08/2013|34.64
30/08/2013|34.3
31/08/2013|34
1/09/2013|34.25
2/09/2013|34.53
3/09/2013|34.6
6/09/2013|34.75
7/09/2013|35
8/09/2013|34.88
9/09/2013|34.55
10/09/2013|34.5
13/09/2013|35.35
14/09/2013|35.37
15/09/2013|34.75
16/09/2013|35.14
17/09/2013|35.2
20/09/2013|35.15
21/09/2013|34.85
22/09/2013|34.16
23/09/2013|33.55
24/09/2013|33.9
27/09/2013|33.7
28/09/2013|33.54
29/09/2013|33.8
30/09/2013|33.15
1/10/2013|34.3
4/10/2013|34.75
5/10/2013|34.78
6/10/2013|34.75
7/10/2013|35
8/10/2013|34.35
11/10/2013|34.35
12/10/2013|33.55
13/10/2013|33.46
14/10/2013|33.65
15/10/2013|34.05
18/10/2013|33.9
19/10/2013|33.96
20/10/2013|33.7
21/10/2013|33.35
22/10/2013|33.15
25/10/2013|32.5
26/10/2013|32.99
27/10/2013|33.35
28/10/2013|33.7
29/10/2013|33.24
1/11/2013|33.6
2/11/2013|33.93
3/11/2013|33.05
4/11/2013|32.82
5/11/2013|32.45
8/11/2013|32.7
9/11/2013|32.7
10/11/2013|32.92
11/11/2013|33.35
12/11/2013|33.05
15/11/2013|32.9
16/11/2013|32.5
17/11/2013|32.55
18/11/2013|32.35
19/11/2013|32.45
22/11/2013|32.25
23/11/2013|32
24/11/2013|31.89
25/11/2013|31.98
26/11/2013|31.85
29/11/2013|32.17
30/11/2013|31.9
1/12/2013|32.1
2/12/2013|32.35
3/12/2013|32.02
6/12/2013|32.08
7/12/2013|31.96
8/12/2013|33
9/12/2013|32.8
10/12/2013|32.7
13/12/2013|32.83
14/12/2013|32.97
15/12/2013|32.83
16/12/2013|32.82
17/12/2013|32.38
20/12/2013|32.65
21/12/2013|32.9
22/12/2013|33.32
23/12/2013|33.27
24/12/2013|33.27
27/12/2013|33.26
28/12/2013|33.26
29/12/2013|33.2
30/12/2013|33.15
31/12/2013|33.15
3/01/2014|33.75
4/01/2014|34.39
5/01/2014|34.65
6/01/2014|34.7
7/01/2014|34.57
10/01/2014|34.48
11/01/2014|33.9
12/01/2014|33.85
13/01/2014|33.55
14/01/2014|33.8
17/01/2014|33.67
18/01/2014|33.5
19/01/2014|33
20/01/2014|32.68
21/01/2014|32.45
24/01/2014|32.55
25/01/2014|32.98
26/01/2014|32.25
27/01/2014|32.2
28/01/2014|32.04
31/01/2014|32.33
1/02/2014|32.83
2/02/2014|32.57
3/02/2014|32.68
4/02/2014|32.84
7/02/2014|33.21
8/02/2014|33.2
9/02/2014|33
10/02/2014|33.3
11/02/2014|33.2
14/02/2014|32.97
15/02/2014|32.96
16/02/2014|32.62
17/02/2014|32.8
18/02/2014|32.63
21/02/2014|32.72
22/02/2014|32.25
23/02/2014|32.17
24/02/2014|32.09
25/02/2014|32.4
28/02/2014|32.28
1/03/2014|32.5
2/03/2014|32.92
3/03/2014|33.15
4/03/2014|33.05
7/03/2014|33.05
8/03/2014|33.32
9/03/2014|32.92
10/03/2014|34.15
11/03/2014|34.65
14/03/2014|34.58
15/03/2014|34.53
16/03/2014|34.25
17/03/2014|34.02
18/03/2014|34.35
21/03/2014|34.8
22/03/2014|35.33
23/03/2014|35.5
24/03/2014|35.45
25/03/2014|35.45
28/03/2014|35.45
29/03/2014|35.3
30/03/2014|35.35
31/03/2014|34.99
1/04/2014|35.1
4/04/2014|34.96
5/04/2014|35.22
6/04/2014|35.1
7/04/2014|35.15
8/04/2014|34.8
11/04/2014|34.88
12/04/2014|34.7
13/04/2014|34.68
14/04/2014|34.67
15/04/2014|33.8
18/04/2014|33.2
19/04/2014|33.35
20/04/2014|33.2
21/04/2014|33.18
22/04/2014|33.1
25/04/2014|33.21
26/04/2014|32.95
27/04/2014|32.65
28/04/2014|32.3
29/04/2014|32.72
2/05/2014|33.05
3/05/2014|33.1
4/05/2014|33.38
5/05/2014|33.3
6/05/2014|33.6
9/05/2014|33.6
10/05/2014|33.48
11/05/2014|33.55
12/05/2014|34.1
13/05/2014|33.78
16/05/2014|33.8
17/05/2014|33.85
18/05/2014|34.4
19/05/2014|34.4
20/05/2014|34.68
23/05/2014|34.8
24/05/2014|34.7
25/05/2014|34.52
26/05/2014|34.8
27/05/2014|34.93
30/05/2014|35.1
31/05/2014|35.2
1/06/2014|35.99
2/06/2014|36.53
3/06/2014|36.1
6/06/2014|36.35
7/06/2014|36.9
8/06/2014|36.87
9/06/2014|36.75
10/06/2014|36.95
13/06/2014|37.25
14/06/2014|37.2
15/06/2014|36.4
16/06/2014|36.62
17/06/2014|36.62
20/06/2014|36.33
21/06/2014|36.95
22/06/2014|37.4
23/06/2014|37.45
24/06/2014|36.7
27/06/2014|36.51
28/06/2014|37.2
29/06/2014|37.45
30/06/2014|37.85
1/07/2014|38.03
4/07/2014|38.84
5/07/2014|38.54
6/07/2014|38.56
7/07/2014|38.05
8/07/2014|38.52
11/07/2014|38.91
12/07/2014|38.45
13/07/2014|38.9
14/07/2014|39.15
15/07/2014|39.06
18/07/2014|39.06
19/07/2014|39.3
20/07/2014|39.56
21/07/2014|39.35
22/07/2014|38.9
25/07/2014|39.25
26/07/2014|38.72
27/07/2014|38.59
28/07/2014|38.85
29/07/2014|38.71
1/08/2014|39.04
2/08/2014|39.76
3/08/2014|38.07
4/08/2014|36.9
5/08/2014|36.8
8/08/2014|37.2
9/08/2014|37.58
10/08/2014|37.25
11/08/2014|36.9
12/08/2014|36.63
15/08/2014|36.5
16/08/2014|36.23
17/08/2014|36.64
18/08/2014|36.85
19/08/2014|37.14
22/08/2014|37.29
23/08/2014|37.02
24/08/2014|37.1
25/08/2014|36.6
26/08/2014|35.8
29/08/2014|36.13
30/08/2014|35.95
31/08/2014|36.4
1/09/2014|36.39
2/09/2014|36.4
5/09/2014|36.9
6/09/2014|37.19
7/09/2014|37.54
8/09/2014|37.24
9/09/2014|37.5
12/09/2014|37.2
13/09/2014|36.5
14/09/2014|36.56
15/09/2014|36.59
16/09/2014|37.1
19/09/2014|36.98
20/09/2014|37.85
21/09/2014|37.4
22/09/2014|37.45
23/09/2014|37.5
26/09/2014|38.4
27/09/2014|38.4
28/09/2014|38.8
29/09/2014|39.02
30/09/2014|38.99
3/10/2014|39.22
4/10/2014|39.91
5/10/2014|39.44
6/10/2014|38.65
7/10/2014|38.87
10/10/2014|38.45
11/10/2014|38.45
12/10/2014|38.22
13/10/2014|38.31
14/10/2014|38.29
17/10/2014|38.07
18/10/2014|37.86
19/10/2014|37.53
20/10/2014|36.79
21/10/2014|36.78
24/10/2014|37.24
25/10/2014|36.82
26/10/2014|37.03
27/10/2014|36.54
28/10/2014|36.7
31/10/2014|36.29
1/11/2014|36.29
2/11/2014|36.53
3/11/2014|35.82
4/11/2014|35.28
7/11/2014|36.27
8/11/2014|36.67
9/11/2014|36.49
10/11/2014|36.1
11/11/2014|36.83
14/11/2014|36.97
15/11/2014|37.06
16/11/2014|37.02
17/11/2014|37.37
18/11/2014|37.72
21/11/2014|37.95
22/11/2014|37.43
23/11/2014|37.3
24/11/2014|37.32
25/11/2014|37.32
28/11/2014|37.2
29/11/2014|37.27
30/11/2014|37.34
1/12/2014|37.56
2/12/2014|37.84
5/12/2014|37.94
6/12/2014|38.01
7/12/2014|37.47
8/12/2014|37.42
9/12/2014|37.65
12/12/2014|37.56
13/12/2014|37.48
14/12/2014|37.31
15/12/2014|36.95
16/12/2014|37.06
19/12/2014|36.86
20/12/2014|37
21/12/2014|36.68
22/12/2014|36.71
23/12/2014|36.8
26/12/2014|36.8
27/12/2014|36.85
28/12/2014|37.16
29/12/2014|37.35
30/12/2014|37
2/01/2015|37.46
3/01/2015|37.2
4/01/2015|37.48
5/01/2015|37.32
6/01/2015|37.86
9/01/2015|37.75
10/01/2015|37.65
11/01/2015|37.4
12/01/2015|37.32
13/01/2015|37.07
16/01/2015|37.03
17/01/2015|36.52
18/01/2015|36.16
19/01/2015|36.13
20/01/2015|35.68
23/01/2015|35.86
24/01/2015|35.88
25/01/2015|36.59
26/01/2015|36.87
27/01/2015|36.98
30/01/2015|37
31/01/2015|37.24
1/02/2015|37.45
2/02/2015|37.72
3/02/2015|38.37
6/02/2015|38.57
7/02/2015|38.63
8/02/2015|38.78
9/02/2015|39.19
10/02/2015|39.63
13/02/2015|40.38
14/02/2015|40.19
15/02/2015|39.58
16/02/2015|39.47
17/02/2015|39.67
20/02/2015|39.65
21/02/2015|39.15
22/02/2015|39.62
23/02/2015|39.61
24/02/2015|39.77
27/02/2015|39.98
28/02/2015|40.3
1/03/2015|40.57
2/03/2015|39.56
3/03/2015|39.38
6/03/2015|39.24
7/03/2015|39.29
8/03/2015|39.19
9/03/2015|39.99
10/03/2015|40.65
13/03/2015|40.55
14/03/2015|41.95
15/03/2015|42.9
16/03/2015|42.92
17/03/2015|42.48
20/03/2015|42.7
21/03/2015|42.89
22/03/2015|45.1
23/03/2015|45.35
24/03/2015|45.92
27/03/2015|44.87
28/03/2015|44.85
29/03/2015|45.27
30/03/2015|45.31
31/03/2015|45.5
3/04/2015|45.97
4/04/2015|45.71
5/04/2015|45.69
6/04/2015|45.25
7/04/2015|44.12
10/04/2015|44.47
11/04/2015|44.63
12/04/2015|44.4
13/04/2015|44.36
14/04/2015|44.36
17/04/2015|44.36
18/04/2015|44.22
19/04/2015|44.62
20/04/2015|45.4
21/04/2015|45
24/04/2015|44.49
25/04/2015|44.25
26/04/2015|44.89
27/04/2015|44.14
28/04/2015|43.15
1/05/2015|43.15
2/05/2015|43.41
3/05/2015|42.23
4/05/2015|42.61
5/05/2015|42.83
8/05/2015|42.59
9/05/2015|43.05
10/05/2015|43.33
11/05/2015|42.6
12/05/2015|41.25
15/05/2015|40.85
16/05/2015|41.11
17/05/2015|39.37
18/05/2015|39.83
19/05/2015|39.99
22/05/2015|38.95
23/05/2015|39.59
24/05/2015|38.9
25/05/2015|39.84
26/05/2015|41.15
29/05/2015|41
30/05/2015|40
31/05/2015|40.18
1/06/2015|39.77
2/06/2015|39.46
5/06/2015|39.03
6/06/2015|37.93
7/06/2015|37.72
8/06/2015|37.66
9/06/2015|38.08
12/06/2015|38.15
13/06/2015|37
14/06/2015|36.55
15/06/2015|37.73
16/06/2015|37.9
19/06/2015|38.19
20/06/2015|38.45
21/06/2015|38.29
22/06/2015|38.14
23/06/2015|38.18
26/06/2015|37.97
27/06/2015|37.43
28/06/2015|37.62
29/06/2015|38.46
30/06/2015|39.04
3/07/2015|39.12
4/07/2015|39.2
5/07/2015|38.5
6/07/2015|39.21
7/07/2015|38.68
10/07/2015|39.06
11/07/2015|38.65
12/07/2015|38.94
13/07/2015|38.85
14/07/2015|38.35
17/07/2015|38.01
18/07/2015|37.63
19/07/2015|38.6
20/07/2015|38.44
21/07/2015|37.66
24/07/2015|38.6
25/07/2015|38.91
26/07/2015|38.7
27/07/2015|39.65
28/07/2015|40.27
31/07/2015|40.44
1/08/2015|39.74
2/08/2015|40.02
3/08/2015|39.56
4/08/2015|39.29
7/08/2015|38.8
8/08/2015|38.84
9/08/2015|39.2
10/08/2015|38.93
11/08/2015|39.05
14/08/2015|39.22
15/08/2015|39.2
16/08/2015|39.62
17/08/2015|39.94
18/08/2015|40.13
21/08/2015|39.85
22/08/2015|40.16
23/08/2015|40.16
24/08/2015|40.43
25/08/2015|40.48
28/08/2015|40.31
29/08/2015|40.36
30/08/2015|40.44
31/08/2015|40.37
1/09/2015|40.48
4/09/2015|40.52
5/09/2015|40.36
6/09/2015|39.6
7/09/2015|39.17
8/09/2015|39.06
11/09/2015|39.14
12/09/2015|39.66
13/09/2015|40.14
14/09/2015|40.3
15/09/2015|39.88
18/09/2015|39.91
19/09/2015|39.78
20/09/2015|40.51
21/09/2015|40.92
22/09/2015|40.44
25/09/2015|41.03
26/09/2015|41.35
27/09/2015|41.55
28/09/2015|41.69
29/09/2015|42.27
2/10/2015|41.6
3/10/2015|41.9
4/10/2015|42.08
5/10/2015|42
6/10/2015|42.18
9/10/2015|41.99
10/10/2015|42.25
11/10/2015|42.07
12/10/2015|42.12
13/10/2015|43.12
16/10/2015|43.8
17/10/2015|43.35
18/10/2015|43.8
19/10/2015|44.9
20/10/2015|44.7
23/10/2015|44.5
24/10/2015|44.69
25/10/2015|45.34
26/10/2015|45.15
27/10/2015|45.18
30/10/2015|44.53
31/10/2015|44.99
1/11/2015|45.1
2/11/2015|44.59
3/11/2015|44.35
6/11/2015|44.76
7/11/2015|44.53
8/11/2015|43.76
9/11/2015|43.84
10/11/2015|43.8
13/11/2015|44.17
14/11/2015|44.05
15/11/2015|44.79
16/11/2015|45.27
17/11/2015|44.41
20/11/2015|44.35
21/11/2015|44.2
22/11/2015|44.08
23/11/2015|43.92
24/11/2015|42.8
27/11/2015|41.7
28/11/2015|41.73
29/11/2015|42.11
30/11/2015|41.59
1/12/2015|41.23
4/12/2015|41.27
5/12/2015|42.03
6/12/2015|41.89
7/12/2015|42.06
8/12/2015|41.78
11/12/2015|42.51
12/12/2015|42.53
13/12/2015|42.9
14/12/2015|43.25
15/12/2015|43.24
18/12/2015|43.31
19/12/2015|43.11
20/12/2015|43.55
21/12/2015|43.25
22/12/2015|42.54
25/12/2015|42.54
26/12/2015|42.54
27/12/2015|43.53
28/12/2015|43.58
29/12/2015|43.6
1/01/2016|43.6
2/01/2016|43.74
3/01/2016|43.98
4/01/2016|43.63
5/01/2016|43.62
8/01/2016|43.12
9/01/2016|42.93
10/01/2016|42.95
11/01/2016|43.6
12/01/2016|43.67
15/01/2016|44.1
16/01/2016|43.84
17/01/2016|44.52
18/01/2016|45.43
19/01/2016|45.36
22/01/2016|45.3
23/01/2016|45.55
24/01/2016|46.73
25/01/2016|45.84
26/01/2016|46.45
29/01/2016|47.41
30/01/2016|46.95
31/01/2016|46.75
1/02/2016|46.96
2/02/2016|47.18
5/02/2016|46.84
6/02/2016|46.57
7/02/2016|45.53
8/02/2016|44.77
9/02/2016|45.45
12/02/2016|44.87
13/02/2016|45.71
14/02/2016|46.06
15/02/2016|46
16/02/2016|46.02
19/02/2016|46.05
20/02/2016|45.5
21/02/2016|45.2
22/02/2016|44.73
23/02/2016|44.77
26/02/2016|44.85
27/02/2016|43.25
28/02/2016|43.7
1/03/2016|43.01
2/03/2016|42.65
5/03/2016|41.68
6/03/2016|42.35
7/03/2016|42.58
8/03/2016|42.61
9/03/2016|42.29
12/03/2016|42.5
13/03/2016|41.51
14/03/2016|40.95
15/03/2016|41.15
16/03/2016|41.04
19/03/2016|41.18
20/03/2016|41.21
21/03/2016|43.61
22/03/2016|43.21
23/03/2016|43.83
26/03/2016|43.78
27/03/2016|43.67
28/03/2016|43.06
29/03/2016|43.65
30/03/2016|44.23
2/04/2016|44.19
3/04/2016|44.43
4/04/2016|45.48
5/04/2016|45.13
6/04/2016|45.13
9/04/2016|45.13
10/04/2016|45.17
11/04/2016|44.84
12/04/2016|44.88
13/04/2016|44.91
16/04/2016|44.45
17/04/2016|43.88
18/04/2016|43.37
19/04/2016|43.5
20/04/2016|43.58
23/04/2016|44.69
24/04/2016|44.67
25/04/2016|45.21
26/04/2016|45.88
27/04/2016|45.44
30/04/2016|45.46
1/05/2016|45.46
2/05/2016|45.97
3/05/2016|46.38
4/05/2016|47.9
7/05/2016|47.78
8/05/2016|47.3
9/05/2016|47.39
10/05/2016|48.54
11/05/2016|50.44
14/05/2016|49.97
15/05/2016|50.63
16/05/2016|49.72
17/05/2016|49.25
18/05/2016|49.53
21/05/2016|49.34
22/05/2016|49.37
23/05/2016|50.01
24/05/2016|49.33
25/05/2016|49.56
28/05/2016|49.56
29/05/2016|50.52
30/05/2016|49.98
31/05/2016|49.63
1/06/2016|50.52
4/06/2016|49.87
5/06/2016|48.71
6/06/2016|47.45
7/06/2016|47.1
8/06/2016|47.03
11/06/2016|47.52
12/06/2016|47.33
13/06/2016|47.39
14/06/2016|49.22
15/06/2016|49.36
18/06/2016|49.51
19/06/2016|49.16
20/06/2016|49.13
21/06/2016|48.5
22/06/2016|47.79
25/06/2016|48.19
26/06/2016|47.89
27/06/2016|47.24
28/06/2016|47.78
29/06/2016|47.66
2/07/2016|47.75
3/07/2016|48.42
4/07/2016|49.05
5/07/2016|47.93
6/07/2016|49.43
9/07/2016|49.45
10/07/2016|48.28
11/07/2016|47.8
12/07/2016|48.85
13/07/2016|48.6
16/07/2016|49.63
17/07/2016|49.04
18/07/2016|47.68
19/07/2016|47.88
20/07/2016|47.44
23/07/2016|47.97
24/07/2016|47.22
25/07/2016|46.25
26/07/2016|44.64
27/07/2016|45.06
30/07/2016|44.96
31/07/2016|45.94
1/08/2016|43.8
2/08/2016|43.65
3/08/2016|42.91
6/08/2016|43.23
7/08/2016|43.97
8/08/2016|44.26
9/08/2016|43.82
10/08/2016|44.54
13/08/2016|44.35
14/08/2016|44.21
15/08/2016|44.54
16/08/2016|43.43
17/08/2016|44.03
20/08/2016|43.83
21/08/2016|43.88
22/08/2016|44.04
23/08/2016|43.68
24/08/2016|44.19
27/08/2016|44.01
28/08/2016|43.37
29/08/2016|43.45
30/08/2016|43.79
31/08/2016|44.88
3/09/2016|45.06
4/09/2016|45.62
5/09/2016|44.95
6/09/2016|45.18
7/09/2016|43.62
10/09/2016|42.89
11/09/2016|43.67
12/09/2016|43
13/09/2016|43.02
14/09/2016|42.91
17/09/2016|42.19
18/09/2016|42.43
19/09/2016|42.9
20/09/2016|42.19
21/09/2016|43.57
24/09/2016|45
25/09/2016|45.18
26/09/2016|47.09
27/09/2016|46.35
28/09/2016|45.35
1/10/2016|45.68
2/10/2016|46.25
3/10/2016|45.78
4/10/2016|46.57
5/10/2016|47.38
8/10/2016|47.41
9/10/2016|47.3
10/10/2016|47.2
11/10/2016|47.65
12/10/2016|47.2
15/10/2016|46.85
16/10/2016|46.44
17/10/2016|46.26
18/10/2016|46.18
19/10/2016|45.81
22/10/2016|45.53
23/10/2016|45.25
24/10/2016|45.02
25/10/2016|45.46
26/10/2016|45.66
29/10/2016|46.35
30/10/2016|45.86
31/10/2016|46.11
1/11/2016|45.04
2/11/2016|44.32
5/11/2016|44.76
6/11/2016|43.4
7/11/2016|41.57
8/11/2016|41.77
9/11/2016|41.37
12/11/2016|41.41
13/11/2016|42.28
14/11/2016|42.71
15/11/2016|42.22
16/11/2016|41.99
19/11/2016|40.65
20/11/2016|40.97
21/11/2016|39.95
22/11/2016|40.19
23/11/2016|40.64
26/11/2016|39.9
27/11/2016|40.01
28/11/2016|40.87
29/11/2016|40.86
30/11/2016|41.59
3/12/2016|41.79
4/12/2016|40.94
5/12/2016|41.33
6/12/2016|41.26
7/12/2016|41.19
10/12/2016|41.83
11/12/2016|42
12/12/2016|41.66
13/12/2016|40.97
14/12/2016|41.26
17/12/2016|40.43
18/12/2016|40.89
19/12/2016|40.37
20/12/2016|40.45
21/12/2016|42.9
24/12/2016|42.9
25/12/2016|42.9
26/12/2016|42.9
27/12/2016|42.2
28/12/2016|42.73
31/12/2016|42.73
1/01/2017|42.73
2/01/2017|42.8
3/01/2017|42.13
4/01/2017|40.9
7/01/2017|42.27
8/01/2017|42.16
9/01/2017|41.94
10/01/2017|42.3
11/01/2017|41.6
14/01/2017|41.48
15/01/2017|40
16/01/2017|39.94
17/01/2017|38.78
18/01/2017|37.8
21/01/2017|36.28
22/01/2017|36.29
23/01/2017|34.56
24/01/2017|36.69
25/01/2017|36.89
28/01/2017|37.68
29/01/2017|37.42
30/01/2017|37.52
31/01/2017|37.03
1/02/2017|37.62
4/02/2017|38.39
5/02/2017|36.39
6/02/2017|35.08
7/02/2017|34.55
8/02/2017|34.38
11/02/2017|34.26
12/02/2017|35.71
13/02/2017|35.86
14/02/2017|35.43
15/02/2017|35.5
18/02/2017|35.84
19/02/2017|36.66
20/02/2017|36.46
21/02/2017|36.16
22/02/2017|35.38
25/02/2017|36.32
26/02/2017|37.44
27/02/2017|37.18
28/02/2017|37.12
29/02/2017|36.37
3/03/2017|36.64
4/03/2017|35.31
5/03/2017|35.17
6/03/2017|35.04
7/03/2017|34.74
10/03/2017|34.34
11/03/2017|33.87
12/03/2017|33.96
13/03/2017|33.02
14/03/2017|32.14
17/03/2017|31.41
18/03/2017|32.82
19/03/2017|33.78
20/03/2017|34.3
21/03/2017|34.3
24/03/2017|34.3
25/03/2017|35.56
26/03/2017|34.92
27/03/2017|34.78
28/03/2017|34.59
31/03/2017|35.04
1/04/2017|35.99
2/04/2017|36.49
3/04/2017|36.06
4/04/2017|35.74
7/04/2017|36.16
8/04/2017|35.8
9/04/2017|35.87
10/04/2017|36.04
11/04/2017|34.91
14/04/2017|33.93
15/04/2017|33.84
16/04/2017|33.52
17/04/2017|33.87
18/04/2017|35.04
21/04/2017|34.31
22/04/2017|33.68
23/04/2017|33.64
24/04/2017|33.6
25/04/2017|35.12
28/04/2017|35.32
29/04/2017|35.01
30/04/2017|35.18
1/05/2017|35.18
2/05/2017|36.69
5/05/2017|36.76
6/05/2017|37.22
7/05/2017|37.78
8/05/2017|37.8
9/05/2017|36.26
12/05/2017|36.24
13/05/2017|36.6
14/05/2017|36.66
15/05/2017|36.76
16/05/2017|36.94
19/05/2017|37.23
20/05/2017|36.33
21/05/2017|35.28
22/05/2017|35.87
23/05/2017|35.4
26/05/2017|35.02
27/05/2017|35.83
28/05/2017|36.47
29/05/2017|37.19
30/05/2017|37.91
2/06/2017|36.41
3/06/2017|36.89
4/06/2017|36.89
5/06/2017|36.24
6/06/2017|34.75
9/06/2017|34.26
10/06/2017|34.6
11/06/2017|33.49
12/06/2017|33.35
13/06/2017|33.52
16/06/2017|33.32
17/06/2017|33.87
18/06/2017|33.04
19/06/2017|33
20/06/2017|32.51
23/06/2017|32.32
24/06/2017|31.42
25/06/2017|32
26/06/2017|30.44
27/06/2017|30.17
30/06/2017|30.55
1/07/2017|30
2/07/2017|29.8
3/07/2017|29.81
4/07/2017|29.68
7/07/2017|29.66
8/07/2017|30.49
9/07/2017|29.92
10/07/2017|29.91
11/07/2017|28.97
14/07/2017|28.16
15/07/2017|27.98
16/07/2017|28.6
17/07/2017|29.49
18/07/2017|30.1
21/07/2017|30.57
22/07/2017|30.61
23/07/2017|31.83
24/07/2017|30.87
25/07/2017|30.73
28/07/2017|29.58
29/07/2017|29.51
30/07/2017|29.24
31/07/2017|28.93
1/08/2017|27.36
4/08/2017|26.895
5/08/2017|27.55
6/08/2017|27.87
7/08/2017|27.68
8/08/2017|29.55
11/08/2017|30.84
12/08/2017|31.15
13/08/2017|29.305
14/08/2017|28.985
15/08/2017|29.5
18/08/2017|29.2
19/08/2017|28.52
20/08/2017|28.61
21/08/2017|27.86
22/08/2017|28.73
25/08/2017|28.16
26/08/2017|27.99
27/08/2017|27.81
28/08/2017|28.44
29/08/2017|28.25
1/09/2017|28.35
2/09/2017|29.13
3/09/2017|29.05
4/09/2017|28.29
5/09/2017|27.8
8/09/2017|28.61
9/09/2017|28.89
10/09/2017|28.78
11/09/2017|28.545
12/09/2017|28.635
15/09/2017|28.03
16/09/2017|27.91
17/09/2017|27.13
18/09/2017|27.33
19/09/2017|30.475
22/09/2017|29.785
23/09/2017|28.71
24/09/2017|28.55
25/09/2017|29.15
26/09/2017|28.4
29/09/2017|27.4
30/09/2017|27.42
1/10/2017|26.365
2/10/2017|25.225
3/10/2017|25.59
6/10/2017|24.71
7/10/2017|24.34
8/10/2017|22.72
9/10/2017|22
10/10/2017|19.655
13/10/2017|22.5
14/10/2017|22.54
15/10/2017|20.37
16/10/2017|19.96
17/10/2017|20.9
20/10/2017|20.605
21/10/2017|21.1
22/10/2017|20
23/10/2017|19
24/10/2017|18.46
27/10/2017|17.785
28/10/2017|17.4
29/10/2017|18.69
30/10/2017|20.275
31/10/2017|20.14
3/11/2017|20.515
4/11/2017|22.905
5/11/2017|22.55
6/11/2017|21
7/11/2017|21.47
10/11/2017|22.485
11/11/2017|21.215
12/11/2017|20.75
13/11/2017|21.76
14/11/2017|21.3
17/11/2017|22.1
18/11/2017|21.67
19/11/2017|19.12
20/11/2017|18.85
21/11/2017|18.12
24/11/2017|19.66
25/11/2017|19.15
26/11/2017|19.44
27/11/2017|20.26
28/11/2017|19.68
1/12/2017|19.01
2/12/2017|19.64
3/12/2017|19.655
4/12/2017|20.425
5/12/2017|19.875
8/12/2017|21.01
9/12/2017|21.835
10/12/2017|22.71
11/12/2017|22.41
12/12/2017|22
15/12/2017|22.12
16/12/2017|22.05
17/12/2017|22.21
18/12/2017|21.98
19/12/2017|21.725
22/12/2017|21.28
23/12/2017|21.29
24/12/2017|21.29
25/12/2017|21.29
26/12/2017|21.29
29/12/2017|21.6
30/12/2017|21.97
31/12/2017|21.97
1/01/2018|21.97
2/01/2018|22.345
5/01/2018|21.965
6/01/2018|21.83
7/01/2018|21.995
8/01/2018|21.88
9/01/2018|22.485
12/01/2018|22.2
13/01/2018|21.155
14/01/2018|20
15/01/2018|19.665
16/01/2018|19.665
19/01/2018|19.09
20/01/2018|18.555
21/01/2018|18.95
22/01/2018|18.31
23/01/2018|17.7
26/01/2018|18.36
27/01/2018|18.61
28/01/2018|19.04
29/01/2018|18.32
30/01/2018|18.645
2/02/2018|17.84
3/02/2018|18.075
4/02/2018|19.13
5/02/2018|19.475
6/02/2018|21.8
9/02/2018|22.88
10/02/2018|22.125
11/02/2018|22.495
12/02/2018|22.725
13/02/2018|23.61
16/02/2018|23.345
17/02/2018|21.705
18/02/2018|21.64
19/02/2018|21.975
20/02/2018|21.375
23/02/2018|20.205
24/02/2018|19.35
25/02/2018|20.03
26/02/2018|20.345
27/02/2018|19.765
2/03/2018|19.065
3/03/2018|19.31
4/03/2018|20.85
5/03/2018|19.36
6/03/2018|19.795
9/03/2018|20.115
10/03/2018|21.26
11/03/2018|22.75
12/03/2018|23.6
13/03/2018|22.8
16/03/2018|22.405
17/03/2018|22.85
18/03/2018|22.63
19/03/2018|21.83
20/03/2018|21.855
23/03/2018|22.425
24/03/2018|22.355
25/03/2018|22.11
26/03/2018|22.54
27/03/2018|23.29
30/03/2018|21.62
31/03/2018|21.7
1/04/2018|22.77
2/04/2018|26.015
3/04/2018|27.115
6/04/2018|25.055
7/04/2018|23.855
8/04/2018|25.375
9/04/2018|25.97
10/04/2018|25.97
13/04/2018|25.97
14/04/2018|25.665
15/04/2018|25.71
16/04/2018|26.055
17/04/2018|27.14
20/04/2018|25.89
21/04/2018|25.83
22/04/2018|26.135
23/04/2018|26.24
24/04/2018|27.275
27/04/2018|27.15
28/04/2018|26.05
29/04/2018|26.745
30/04/2018|26.17
1/05/2018|26.17
4/05/2018|26.89
5/05/2018|27.36
6/05/2018|28.36
7/05/2018|27.91
8/05/2018|27
11/05/2018|25.565
12/05/2018|25
13/05/2018|23.86
14/05/2018|24.765
15/05/2018|24.655
18/05/2018|25.2
19/05/2018|26.16
20/05/2018|26.035
21/05/2018|25.37
22/05/2018|25.045
25/05/2018|24.93
26/05/2018|25.385
27/05/2018|26.115
28/05/2018|25.385
29/05/2018|25.35
1/06/2018|27
2/06/2018|27.43
3/06/2018|27.05
4/06/2018|27.11
5/06/2018|27.97
8/06/2018|28.07
9/06/2018|28.04
10/06/2018|28.915
11/06/2018|29.38
12/06/2018|29.18
15/06/2018|27.81
16/06/2018|27.57
17/06/2018|27.125
18/06/2018|27.325
19/06/2018|26.795
22/06/2018|25.67
23/06/2018|26.095
24/06/2018|26.555
25/06/2018|26.565
26/06/2018|26.77
29/06/2018|27.14
30/06/2018|26.83
1/07/2018|27.67
2/07/2018|26.54
3/07/2018|26.52
6/07/2018|25.78
7/07/2018|25.525
8/07/2018|25.035
9/07/2018|25.615
10/07/2018|25.865
13/07/2018|26.64
14/07/2018|28.04
15/07/2018|28.55
16/07/2018|28.5
17/07/2018|29.44
20/07/2018|28.95
21/07/2018|29.97
22/07/2018|29.99
23/07/2018|30.52
24/07/2018|30.9
27/07/2018|30.45
28/07/2018|30.5
29/07/2018|31.575
30/07/2018|32.005
31/07/2018|32.245
3/08/2018|32.915
4/08/2018|32.45
5/08/2018|31.52
6/08/2018|31.415
7/08/2018|31.48
10/08/2018|31.625
11/08/2018|31
12/08/2018|31.415
13/08/2018|32.41
14/08/2018|31.975
17/08/2018|31.34
18/08/2018|31.245
19/08/2018|31.45
20/08/2018|32.04
21/08/2018|32.475
24/08/2018|32.15
25/08/2018|32.45
26/08/2018|32.4
27/08/2018|31.76
28/08/2018|31.87
31/08/2018|31.81
1/09/2018|31
2/09/2018|30.42
3/09/2018|30.245
4/09/2018|31.9
7/09/2018|32.305
8/09/2018|32.35
9/09/2018|34.44
10/09/2018|34.35
11/09/2018|34.31
14/09/2018|35.11
15/09/2018|34.825
16/09/2018|35.09
17/09/2018|34.16
18/09/2018|33.82
21/09/2018|34.3
22/09/2018|34.78
23/09/2018|34.055
24/09/2018|33.735
25/09/2018|33.45
28/09/2018|34.165
29/09/2018|33.755
30/09/2018|32.91
1/10/2018|32.355
2/10/2018|31.78
5/10/2018|31.975
6/10/2018|32.415
7/10/2018|32.145
8/10/2018|33.015
9/10/2018|32.875
12/10/2018|33.5
13/10/2018|33.33
14/10/2018|33.985
15/10/2018|33.575
16/10/2018|33.45
19/10/2018|34.62
20/10/2018|34.95
21/10/2018|35.46
22/10/2018|35.55
23/10/2018|36.14
26/10/2018|35.51
27/10/2018|34.46
28/10/2018|33.145
29/10/2018|34.105
30/10/2018|33.23
2/11/2018|33.55
3/11/2018|31.755
4/11/2018|32.34
5/11/2018|32.775
6/11/2018|33.14
9/11/2018|33.53
10/11/2018|32.69
11/11/2018|33.03
12/11/2018|33.205
13/11/2018|33.545
16/11/2018|34.56
17/11/2018|33.935
18/11/2018|33.89
19/11/2018|33.185
20/11/2018|32.75
23/11/2018|32.88
24/11/2018|32.48
25/11/2018|32.14
26/11/2018|31.34
27/11/2018|32.27
30/11/2018|31.52
1/12/2018|32.17
2/12/2018|31.64
3/12/2018|32.265
4/12/2018|32.79
7/12/2018|32.565
8/12/2018|32.29
9/12/2018|31.71
10/12/2018|31.61
11/12/2018|31.75
14/12/2018|31.705
15/12/2018|31.59
16/12/2018|32.1
17/12/2018|32.34
18/12/2018|31.815
21/12/2018|31.94
22/12/2018|31.97
23/12/2018|32.08
24/12/2018|32.08
25/12/2018|32.08
28/12/2018|31.81
29/12/2018|32
30/12/2018|32
31/12/2018|32
1/01/2019|32
4/01/2019|32.05
5/01/2019|32.34
6/01/2019|32.795
7/01/2019|33.095
8/01/2019|32.72
11/01/2019|32.25
12/01/2019|31.15
13/01/2019|31.54
14/01/2019|31.83
15/01/2019|31.61
18/01/2019|31.98
19/01/2019|32.49
20/01/2019|31.83
21/01/2019|30.975
22/01/2019|30.595
25/01/2019|30.3
26/01/2019|30.34
27/01/2019|29.6
28/01/2019|29.72
29/01/2019|30.94
1/02/2019|31.14
2/02/2019|31.35
3/02/2019|31.255
4/02/2019|30.32
5/02/2019|29.885
8/02/2019|29.63
9/02/2019|29.89
10/02/2019|29.79
11/02/2019|29.6
12/02/2019|29
15/02/2019|28.71
16/02/2019|29.455
17/02/2019|29.65
18/02/2019|29.52
19/02/2019|30.29
22/02/2019|30.26
23/02/2019|29.67
24/02/2019|29.585
25/02/2019|29.51
26/02/2019|29.78
1/03/2019|30.335
2/03/2019|31.15
3/03/2019|31.535
4/03/2019|31.515
5/03/2019|32.27
8/03/2019|31.93
9/03/2019|32.23
10/03/2019|32.24
11/03/2019|32.65
12/03/2019|32.59
15/03/2019|32.645
16/03/2019|32.81
17/03/2019|32.535
18/03/2019|32.29
19/03/2019|32.105
22/03/2019|32.65
23/03/2019|33.31
24/03/2019|33.385
25/03/2019|33.995
26/03/2019|34.07
29/03/2019|34.1
30/03/2019|33.805
31/03/2019|34.225
1/04/2019|35.13
2/04/2019|35.13
5/04/2019|35.13
6/04/2019|35.45
7/04/2019|34.91
8/04/2019|34.545
9/04/2019|34.83
12/04/2019|35.19
13/04/2019|35.31
14/04/2019|35.41
15/04/2019|35.31
16/04/2019|35.295
19/04/2019|35.185
20/04/2019|36.7
21/04/2019|36.635
22/04/2019|36.515
23/04/2019|37.2
26/04/2019|37.75
27/04/2019|36.81
28/04/2019|36.55
29/04/2019|36.855
30/04/2019|37.09
3/05/2019|37.345
4/05/2019|35.89
5/05/2019|35.96
6/05/2019|36.34
7/05/2019|35.7
10/05/2019|37.6
11/05/2019|38.205
12/05/2019|38.905
13/05/2019|39.395
14/05/2019|38.75
17/05/2019|38.68
18/05/2019|39.495
19/05/2019|37.345
20/05/2019|36.31
21/05/2019|36.01
24/05/2019|36.195
25/05/2019|35.38
26/05/2019|35.9
27/05/2019|37.21
28/05/2019|37.375
31/05/2019|37.965
1/06/2019|37.925
2/06/2019|38.37
3/06/2019|39.135
4/06/2019|38.11
7/06/2019|38.335
8/06/2019|37.65
9/06/2019|38.77
10/06/2019|40.51
11/06/2019|40.04
14/06/2019|39.7
15/06/2019|39.9
16/06/2019|39.01
17/06/2019|39.73
18/06/2019|40.64
21/06/2019|41.795
22/06/2019|41.445
23/06/2019|41.59
24/06/2019|41.4
25/06/2019|40.585
28/06/2019|41.23
29/06/2019|39.945
30/06/2019|40.145
1/07/2019|38.725
2/07/2019|37.85
5/07/2019|38.125
6/07/2019|38.975
7/07/2019|39.92
8/07/2019|39.05
9/07/2019|39.12
12/07/2019|38.89
13/07/2019|41.845
14/07/2019|41.69
15/07/2019|42.32
16/07/2019|42.05
19/07/2019|41.62
20/07/2019|41.15
21/07/2019|41.08
22/07/2019|41.925
23/07/2019|41.92
26/07/2019|42.16
27/07/2019|41.59
28/07/2019|40.92
29/07/2019|40.92
30/07/2019|41.33
2/08/2019|41.855
3/08/2019|43.085
4/08/2019|43.56
5/08/2019|44.465
6/08/2019|44.095
9/08/2019|44.385
10/08/2019|43.47
11/08/2019|42.49
12/08/2019|42.015
13/08/2019|41.975
16/08/2019|41.89
17/08/2019|43.115
18/08/2019|43.665
19/08/2019|42.86
20/08/2019|41.97
23/08/2019|41.91
24/08/2019|41.5
25/08/2019|41.46
26/08/2019|41.7
27/08/2019|41.81
30/08/2019|41.15
31/08/2019|41.51
1/09/2019|42.865
2/09/2019|43.65
3/09/2019|44.195
6/09/2019|44.05
7/09/2019|43.935
8/09/2019|44.89
9/09/2019|45.22
10/09/2019|46.135
13/09/2019|46.165
14/09/2019|46.925
15/09/2019|47.15
16/09/2019|47.175
17/09/2019|47.24
20/09/2019|48.92
21/09/2019|48.385
22/09/2019|48.055
23/09/2019|48.24
24/09/2019|50.11
27/09/2019|50.04
28/09/2019|50.57
29/09/2019|51.09
30/09/2019|51.43
1/10/2019|49.52
4/10/2019|48.12
5/10/2019|50.04
6/10/2019|49.49
7/10/2019|49.86
8/10/2019|50.09
11/10/2019|49.765
12/10/2019|50.19
13/10/2019|49.96
14/10/2019|50.02
15/10/2019|49.655
18/10/2019|48.975
19/10/2019|49.09
20/10/2019|49.595
21/10/2019|49.96
22/10/2019|49.97
25/10/2019|50.76
26/10/2019|50.54
27/10/2019|49.95
28/10/2019|49.78
29/10/2019|51.41
1/11/2019|52.93
2/11/2019|52.4
3/11/2019|51.69
4/11/2019|53.75
5/11/2019|53.99
8/11/2019|53.57
9/11/2019|54.7
10/11/2019|53.96
11/11/2019|54.44
12/11/2019|55
15/11/2019|55.89
16/11/2019|54.65
17/11/2019|54.43
18/11/2019|56.15
19/11/2019|56.66
22/11/2019|57.57
23/11/2019|56.68
24/11/2019|59
25/11/2019|59.71
26/11/2019|58.95
29/11/2019|57.76
30/11/2019|58.04
1/12/2019|61.1
2/12/2019|63.73
3/12/2019|63.86
6/12/2019|62.85
7/12/2019|64.06
8/12/2019|62.28
9/12/2019|60.09
10/12/2019|62.72
13/12/2019|63.32
14/12/2019|62.6
15/12/2019|62.3
16/12/2019|62.82
17/12/2019|61.91
20/12/2019|62.98
21/12/2019|64.65
22/12/2019|64.47
23/12/2019|63.3
24/12/2019|63.3
27/12/2019|59.54
28/12/2019|58.16
29/12/2019|58.68
30/12/2019|58.71
31/12/2019|58.71
3/01/2020|61.31
4/01/2020|60.77
5/01/2020|60.06
6/01/2020|59.83
7/01/2020|59.47
10/01/2020|58.56
11/01/2020|59.52
12/01/2020|59.64
13/01/2020|57.67
14/01/2020|58.79
17/01/2020|58.59
18/01/2020|58.66
19/01/2020|57.74
20/01/2020|55.7
21/01/2020|55.87
24/01/2020|55.47
25/01/2020|56.07
26/01/2020|57.06
27/01/2020|57.24
28/01/2020|56.87
31/01/2020|56.22
1/02/2020|56.57
2/02/2020|56.47
3/02/2020|57.45
4/02/2020|57.02
7/02/2020|58.77
8/02/2020|61.49
9/02/2020|61.36
10/02/2020|61.61
11/02/2020|62.97
14/02/2020|63.43
15/02/2020|62.13
16/02/2020|61.64
17/02/2020|61.04
18/02/2020|60.66
21/02/2020|60.1
22/02/2020|60.19
23/02/2020|58.15
24/02/2020|56.95
25/02/2020|58.82
28/02/2020|59.1
1/03/2020|59.56
2/03/2020|58.15
3/03/2020|58.37
4/03/2020|57.53
7/03/2020|57.47
8/03/2020|58.05
9/03/2020|58.24
10/03/2020|57.09
11/03/2020|56.49
14/03/2020|56.06
15/03/2020|53.86
16/03/2020|52.39
17/03/2020|54.09
18/03/2020|55.09
21/03/2020|55.57
22/03/2020|54.69
23/03/2020|55.43
24/03/2020|57.59
25/03/2020|57.16
28/03/2020|57.4
29/03/2020|57.39
30/03/2020|58.69
31/03/2020|58.86
1/04/2020|61.01
4/04/2020|60.69
5/04/2020|60.88
6/04/2020|60.13
7/04/2020|59.2
8/04/2020|58.57
11/04/2020|57.12
12/04/2020|56.78
13/04/2020|57.62
14/04/2020|57.9
15/04/2020|58.09
18/04/2020|57.04
19/04/2020|58.96
20/04/2020|60.37
21/04/2020|60.82
22/04/2020|60.82
25/04/2020|60.82
26/04/2020|61.74
27/04/2020|61.98
28/04/2020|63.14
29/04/2020|63.51
2/05/2020|64.5
3/05/2020|63.34
4/05/2020|62.3
5/05/2020|61.5
6/05/2020|62.05
9/05/2020|61.6
10/05/2020|62.84
11/05/2020|62.84
12/05/2020|63.4
13/05/2020|61.5
16/05/2020|61.39
17/05/2020|60.75
18/05/2020|61.54
19/05/2020|62.05
20/05/2020|61.13
23/05/2020|59.03
24/05/2020|60.12
25/05/2020|60.72
26/05/2020|60.02
27/05/2020|60.83
30/05/2020|60.84
31/05/2020|61.45
1/06/2020|60.51
2/06/2020|60.32
3/06/2020|60.46
6/06/2020|60.62
7/06/2020|60.38
8/06/2020|60.66
9/06/2020|62.76
10/06/2020|62.27
13/06/2020|62.31
14/06/2020|63.24
15/06/2020|61.97
16/06/2020|63.1
17/06/2020|63.9
20/06/2020|64.03
21/06/2020|64.43
22/06/2020|65.45
23/06/2020|65.35
24/06/2020|67
27/06/2020|67.8
28/06/2020|69.2
29/06/2020|69
30/06/2020|68.81
1/07/2020|67.86
4/07/2020|68.9
5/07/2020|68.79
6/07/2020|68
7/07/2020|69.25
8/07/2020|68.69
11/07/2020|66.55
12/07/2020|67.68
13/07/2020|70.14
14/07/2020|70.77
15/07/2020|72.21
18/07/2020|71.24
19/07/2020|72.16
20/07/2020|71.91
21/07/2020|71.1
22/07/2020|71.48
25/07/2020|73.82
26/07/2020|72.19
27/07/2020|70.61
28/07/2020|70.25
29/07/2020|69.78
1/08/2020|68
2/08/2020|65.56
3/08/2020|65.83
4/08/2020|61.07
5/08/2020|62.19
8/08/2020|54.58
9/08/2020|59.3
10/08/2020|57.61
11/08/2020|58.3
12/08/2020|59.67
15/08/2020|59.79
16/08/2020|58.3
17/08/2020|58.29
18/08/2020|53.93
19/08/2020|52.55
22/08/2020|49.945
23/08/2020|51.96
24/08/2020|53.97
25/08/2020|53.25
26/08/2020|55
29/08/2020|54.7
30/08/2020|54.28
31/08/2020|56.31
1/09/2020|56.3
2/09/2020|54.16
5/09/2020|50.66
6/09/2020|50.91
7/09/2020|53.9
8/09/2020|52.94
9/09/2020|51.44
12/09/2020|50.92
13/09/2020|52.29
14/09/2020|55.97
15/09/2020|56.71
16/09/2020|57.28
19/09/2020|56.05
20/09/2020|57.45
21/09/2020|56.32
22/09/2020|52.9
23/09/2020|52.44
26/09/2020|50.79
27/09/2020|53.96
28/09/2020|53.13
29/09/2020|52.66
30/09/2020|49.84
3/10/2020|46.35
4/10/2020|44.945
5/10/2020|47.285
6/10/2020|48.8
7/10/2020|50.49
10/10/2020|52.86
11/10/2020|53.55
12/10/2020|54.74
13/10/2020|54.89
14/10/2020|56.35
17/10/2020|54.33
18/10/2020|55.28
19/10/2020|54.67
20/10/2020|54.07
21/10/2020|56.91
24/10/2020|57.95
25/10/2020|57.92
26/10/2020|58.21
27/10/2020|61.29
28/10/2020|61.76
31/10/2020|59.06
1/11/2020|56.9
2/11/2020|58.1
3/11/2020|60.5
4/11/2020|58.21
7/11/2020|58.06
8/11/2020|59.17
9/11/2020|56.32
10/11/2020|58.06
11/11/2020|58.31
14/11/2020|57.8
15/11/2020|57.88
16/11/2020|56.19
17/11/2020|53.87
18/11/2020|53.78
21/11/2020|51.4
22/11/2020|51.12
23/11/2020|49.25
24/11/2020|50.2
25/11/2020|50.25
28/11/2020|53.07
29/11/2020|52.8
30/11/2020|55.88
1/12/2020|55.2
2/12/2020|55.69
5/12/2020|56.076
6/12/2020|56.268
7/12/2020|55.9
8/12/2020|53.71
9/12/2020|53.82
12/12/2020|52.765
13/12/2020|53.045
14/12/2020|50.859
15/12/2020|50.92
16/12/2020|49.916
19/12/2020|50.262
20/12/2020|52.295
21/12/2020|52.626
22/12/2020|52.884
23/12/2020|52.44
26/12/2020|52.44
27/12/2020|52.824
28/12/2020|51.26
29/12/2020|51.61
30/12/2020|51.545
2/01/2021|53.06
3/01/2021|54.948
4/01/2021|56.099
5/01/2021|56.27
6/01/2021|55.57
9/01/2021|56.632
10/01/2021|58.729
11/01/2021|59.005
12/01/2021|59.529
13/01/2021|58.038
16/01/2021|60.176
17/01/2021|61.873
18/01/2021|62.181
19/01/2021|62.86
20/01/2021|63.57
23/01/2021|63.682
24/01/2021|63.15
25/01/2021|63.759
26/01/2021|65.08
27/01/2021|64.75
30/01/2021|64.451
31/01/2021|65.489
1/02/2021|68.115
2/02/2021|67.699
3/02/2021|69.78
6/02/2021|70.726
7/02/2021|69.696
8/02/2021|69.399
9/02/2021|71.938
10/02/2021|69.873
13/02/2021|70.67
14/02/2021|69.564
15/02/2021|69.868
16/02/2021|70.928
17/02/2021|71.921
20/02/2021|72.2
21/02/2021|71.85
22/02/2021|70.83
23/02/2021|69.639
24/02/2021|70.448
27/02/2021|69.118
28/02/2021|69.84
29/02/2021|69.501
1/03/2021|71.3
2/03/2021|70.304
5/03/2021|70.562
6/03/2021|66.7
7/03/2021|68.28
8/03/2021|69.5
9/03/2021|70.5
12/03/2021|70.922
13/03/2021|70.7
14/03/2021|72.947
15/03/2021|73.45
16/03/2021|72.964
19/03/2021|72.08
20/03/2021|68.825
21/03/2021|68.959
22/03/2021|67.62
23/03/2021|68.051
26/03/2021|68.69
27/03/2021|68.38
28/03/2021|67.02
29/03/2021|65.525
30/03/2021|67.449
2/04/2021|69.1
3/04/2021|68
4/04/2021|66.653
5/04/2021|66.55
6/04/2021|66.55
9/04/2021|66.55
10/04/2021|64.78
11/04/2021|66.98
12/04/2021|68.93
13/04/2021|67.537
16/04/2021|68.86
17/04/2021|69.798
18/04/2021|69.38
19/04/2021|68.28
20/04/2021|69.564
23/04/2021|67.292
24/04/2021|67.416
25/04/2021|69.699
26/04/2021|71
27/04/2021|72.06
30/04/2021|71.83
1/05/2021|71.83
2/05/2021|71.483
3/05/2021|71.599
4/05/2021|69.33
7/05/2021|70.396
8/05/2021|67.865
9/05/2021|67.75
10/05/2021|66.418
11/05/2021|67.212
14/05/2021|66.613
15/05/2021|66.224
16/05/2021|66.284
17/05/2021|62.832
18/05/2021|60.944
21/05/2021|61.917
22/05/2021|63.433
23/05/2021|62.07
24/05/2021|61.7
25/05/2021|61.821
28/05/2021|62.375
29/05/2021|63.999
30/05/2021|62.117
31/05/2021|61.4
1/06/2021|58.644
4/06/2021|56.799
5/06/2021|57.535
6/06/2021|58.777
7/06/2021|59.826
8/06/2021|59.037
11/06/2021|59.066
12/06/2021|58.573
13/06/2021|57.85
14/06/2021|56.24
15/06/2021|56.23
18/06/2021|57.282
19/06/2021|58.292
20/06/2021|58.202
21/06/2021|57.288
22/06/2021|56.499
25/06/2021|55.199
26/06/2021|53.85
27/06/2021|54.862
28/06/2021|54.267
29/06/2021|56.899
2/07/2021|57.55
3/07/2021|59.288
4/07/2021|59.149
5/07/2021|59
6/07/2021|56.62
9/07/2021|56.845
10/07/2021|57.087
11/07/2021|56.67
12/07/2021|56.17
13/07/2021|57.679
16/07/2021|57.491
17/07/2021|58.049
18/07/2021|58.773
19/07/2021|59.546
20/07/2021|58.268
23/07/2021|56.705
24/07/2021|54.852
25/07/2021|56.12
26/07/2021|57.292
27/07/2021|59.5
30/07/2021|60.26
31/07/2021|60.75
1/08/2021|58.859
2/08/2021|56.41
3/08/2021|58.29
6/08/2021|59.429
7/08/2021|60.704
8/08/2021|60.044
9/08/2021|60.06
10/08/2021|59.929
13/08/2021|59.084
14/08/2021|59.145
15/08/2021|59.113
16/08/2021|60.124
17/08/2021|61.284
20/08/2021|61.199
21/08/2021|61.548
22/08/2021|61.296
23/08/2021|60.769
24/08/2021|59.896
27/08/2021|60.655
28/08/2021|60.477
29/08/2021|60.039
30/08/2021|57.658
31/08/2021|57.846
3/09/2021|57.17
4/09/2021|55.628
5/09/2021|55.05
6/09/2021|57.14
7/09/2021|58.077
10/09/2021|58.52
11/09/2021|59.401
12/09/2021|60.549
13/09/2021|60.375
14/09/2021|61.698
17/09/2021|61.611
18/09/2021|60.31
19/09/2021|61.216
20/09/2021|59.282
21/09/2021|59.715
24/09/2021|59.625
25/09/2021|58.832
26/09/2021|57.653
27/09/2021|58.157
28/09/2021|57.241
1/10/2021|57.303
2/10/2021|57.599
3/10/2021|57.906
4/10/2021|59.904
5/10/2021|60.945
8/10/2021|60.135
9/10/2021|60
10/10/2021|59.306
11/10/2021|60.742
12/10/2021|60.325
15/10/2021|60.74
16/10/2021|60.94
17/10/2021|61.576
18/10/2021|61.684
19/10/2021|61.778
22/10/2021|61.318
23/10/2021|60.7
24/10/2021|60.358
25/10/2021|60.385
26/10/2021|60.936
29/10/2021|60.584
30/10/2021|61.601
31/10/2021|61.499
1/11/2021|63.3
2/11/2021|64.684
5/11/2021|64.69
6/11/2021|64.54
7/11/2021|64.79
8/11/2021|63.66
9/11/2021|64.14
12/11/2021|63.791
13/11/2021|63.409
14/11/2021|63.1
15/11/2021|62.529
16/11/2021|61.939
19/11/2021|64.925
20/11/2021|65.632
21/11/2021|66.193
22/11/2021|65.579
23/11/2021|65.735
26/11/2021|66.278
27/11/2021|66.634
28/11/2021|67.213
29/11/2021|67.75
30/11/2021|68.35
3/12/2021|67.99
4/12/2021|67.83
5/12/2021|68.271
6/12/2021|68.63
7/12/2021|69.029
10/12/2021|69.36
11/12/2021|70.544
12/12/2021|71.338
13/12/2021|70.494
14/12/2021|71.749
17/12/2021|71.625
18/12/2021|71.848
19/12/2021|71.85
20/12/2021|72.06
21/12/2021|72.82
24/12/2021|72.82
25/12/2021|72.82
26/12/2021|72.82
27/12/2021|73.32
28/12/2021|73.088
31/12/2021|73.088
1/01/2022|73.088
2/01/2022|75.801
3/01/2022|75.574
4/01/2022|75.693
7/01/2022|75.786
8/01/2022|73.599
9/01/2022|72.29
10/01/2022|73.321
11/01/2022|73.109
14/01/2022|73.36
15/01/2022|72.7
16/01/2022|73.038
17/01/2022|73.724
18/01/2022|73.43
21/01/2022|74.279
22/01/2022|74.199
23/01/2022|74.328
24/01/2022|74.457
25/01/2022|75.64
28/01/2022|75.654
29/01/2022|75.5
30/01/2022|74.81
31/01/2022|74.176
1/02/2022|74.587
4/02/2022|71.949
5/02/2022|71.93
6/02/2022|71.211
7/02/2022|71.889
8/02/2022|73.797
11/02/2022|71.989
12/02/2022|71.691
13/02/2022|72.2
14/02/2022|71.614
15/02/2022|71.454
18/02/2022|71.34
19/02/2022|71.633
20/02/2022|70.695
21/02/2022|69.106
22/02/2022|68.864
25/02/2022|69.06
26/02/2022|69.725
27/02/2022|70.532
28/02/2022|70.755
1/03/2022|69.418
4/03/2022|69.613
5/03/2022|71.261
6/03/2022|71.738
7/03/2022|71.909
8/03/2022|72.41
11/03/2022|72.73
12/03/2022|72.01
13/03/2022|71.113
14/03/2022|71.038
15/03/2022|70.224
18/03/2022|70.32
19/03/2022|68.888
20/03/2022|70.147
21/03/2022|69.34
22/03/2022|69.614
25/03/2022|69.499
26/03/2022|69.968
27/03/2022|69.02
28/03/2022|67.84
29/03/2022|67.84
1/04/2022|67.84
2/04/2022|68.392
3/04/2022|68.324
4/04/2022|67.65
5/04/2022|66.3
8/04/2022|66.424
9/04/2022|65.847
10/04/2022|68.15
11/04/2022|68.885
12/04/2022|67.584
15/04/2022|66.337
16/04/2022|67.117
17/04/2022|65.16
18/04/2022|63.762
19/04/2022|64.839
22/04/2022|65.669
23/04/2022|66.776
24/04/2022|68.1
25/04/2022|68.954
26/04/2022|68.93
29/04/2022|70.151
30/04/2022|70.018
1/05/2022|70.018
2/05/2022|70.726
3/05/2022|72.209
6/05/2022|71.501
7/05/2022|71.149
8/05/2022|71.109
9/05/2022|71.118
10/05/2022|71.859
13/05/2022|72.35
14/05/2022|72.939
15/05/2022|71.799
16/05/2022|71.469
17/05/2022|71.861
20/05/2022|73.965
21/05/2022|73.57
22/05/2022|73.001
23/05/2022|71.4
24/05/2022|70.954
27/05/2022|71.979
28/05/2022|72.44
29/05/2022|72.44
30/05/2022|73.24
31/05/2022|73.638
3/06/2022|73.271
4/06/2022|73.21
5/06/2022|72.21
6/06/2022|71.118
7/06/2022|72
10/06/2022|72.391
11/06/2022|71.059
12/06/2022|70.228
13/06/2022|69.367
14/06/2022|70
17/06/2022|70.501
18/06/2022|69.932
19/06/2022|69.827
20/06/2022|66.583
21/06/2022|64.9
24/06/2022|64.25
25/06/2022|66.09
26/06/2022|67.103
27/06/2022|67.46
28/06/2022|67.263
1/07/2022|67.363
2/07/2022|66.35
3/07/2022|66.312
4/07/2022|67.784
5/07/2022|66.362
8/07/2022|67.766
9/07/2022|69.226
10/07/2022|69
11/07/2022|69.913
12/07/2022|70.5
15/07/2022|70.958
16/07/2022|70.862
17/07/2022|71.112
18/07/2022|71.809
19/07/2022|72.025
22/07/2022|71.991
23/07/2022|72.47
24/07/2022|73.681
25/07/2022|74.342
26/07/2022|74.068
29/07/2022|73.958
30/07/2022|74.242
31/07/2022|73.559
1/08/2022|72.78
2/08/2022|72.58
5/08/2022|72.029
6/08/2022|71.271
7/08/2022|70.808
8/08/2022|71.769
9/08/2022|72.33
12/08/2022|73.091
13/08/2022|74.2
14/08/2022|74.218
15/08/2022|74.252
16/08/2022|75.286
19/08/2022|75.123
20/08/2022|73.798
21/08/2022|73.711
22/08/2022|75.007
23/08/2022|75.306
26/08/2022|75.177
27/08/2022|72.71
28/08/2022|71.889
29/08/2022|72.41
30/08/2022|71.281
2/09/2022|72.85
3/09/2022|71.969
4/09/2022|72.58
5/09/2022|77
6/09/2022|77.476
9/09/2022|78.227
10/09/2022|79.308
11/09/2022|80
12/09/2022|79.689
13/09/2022|79.711
16/09/2022|80.41
17/09/2022|80.249
18/09/2022|79.941
19/09/2022|81.339
20/09/2022|80.47
23/09/2022|80.26
24/09/2022|81.021
25/09/2022|80.38
26/09/2022|79.671
27/09/2022|80.28
30/09/2022|79.599
1/10/2022|80.99
2/10/2022|79.341
3/10/2022|79.559
4/10/2022|79.679
7/10/2022|79.268
8/10/2022|78.383
9/10/2022|78.852
10/10/2022|80.69
11/10/2022|80.94
14/10/2022|80.88
15/10/2022|82.977
16/10/2022|82.442
17/10/2022|81.918
18/10/2022|82.132
21/10/2022|82.141
22/10/2022|81.9
23/10/2022|82.102
24/10/2022|83.554
25/10/2022|83.596
28/10/2022|82.613
29/10/2022|82.188
30/10/2022|82.388
31/10/2022|83.68
1/11/2022|83.003
4/11/2022|84.051
5/11/2022|81.551
6/11/2022|82.342
